"campus_key","school_address","school_city","school_zip","longitude","latitude","school_count","school_names","sed_codes","screening_relationship","dec_site_code","dec_site_name","dec_program","dec_site_class","dec_address_1","dec_address_2","dec_locality","dec_zip","dec_county","dec_town","dec_boundary_method","dec_gis_flag","dec_detail_url","verification_status","screening_source","screened_on"
"154 S OGDEN ST|BUFFALO|14210","154 S OGDEN ST","BUFFALO","14210","-78.8033997432541","42.8634679932201","1","SOUTH BUFFALO CHARTER SCHOOL","140600860817","point_inside_dec_boundary","C915268","154 South Ogden Street Site","Brownfield Cleanup Program","C","154 South Ogden",,"Buffalo","14210     ","Erie","Buffalo (c)","4.2","1","https://appfactory.dec.ny.gov/DERExternalSearch/ERDDetails?SiteCode=C915268","screening_hit_not_yet_parcel_verified","https://gisservices.dec.ny.gov/arcgis/rest/services/der/RemediationSpills/MapServer/3/query","2026-07-29"
"75 W HURON ST|BUFFALO|14201","75 W HURON ST","BUFFALO","14201","-78.8762868386255","42.8895702082553","1","BUFFALO SCHOOL OF CULINARY ARTS AND HOSPITALITY MANAGEMENT","140600010313","point_inside_dec_boundary","C915282","73-79 W. Huron St.","Brownfield Cleanup Program","C","73-79 W. Huron St.",,"Buffalo","14202     ","Erie","Buffalo (c)","4.2","1","https://appfactory.dec.ny.gov/DERExternalSearch/ERDDetails?SiteCode=C915282","screening_hit_not_yet_parcel_verified","https://gisservices.dec.ny.gov/arcgis/rest/services/der/RemediationSpills/MapServer/3/query","2026-07-29"
"75 W HURON ST|BUFFALO|14214","75 W HURON ST","BUFFALO","14214","-78.8762868386255","42.8895702082553","1","PS 42 OCCUPATIONAL TRAINING CENTER","140600010042","point_inside_dec_boundary","C915282","73-79 W. Huron St.","Brownfield Cleanup Program","C","73-79 W. Huron St.",,"Buffalo","14202     ","Erie","Buffalo (c)","4.2","1","https://appfactory.dec.ny.gov/DERExternalSearch/ERDDetails?SiteCode=C915282","screening_hit_not_yet_parcel_verified","https://gisservices.dec.ny.gov/arcgis/rest/services/der/RemediationSpills/MapServer/3/query","2026-07-29"
"106 APPENHEIMER ST|BUFFALO|14214","106 APPENHEIMER ST","BUFFALO","14214","-78.8348216359528","42.92420024424","1","DR LYDIA T WRIGHT SCH OF EXCELLENCE","140600010094","within_1000_ft_of_dec_boundary","915165","Vibratech Inc.","State Superfund Program            ","02","537 East Delavan",,"Buffalo","14211     ","Erie","Buffalo (c)","4.3","1","https://appfactory.dec.ny.gov/DERExternalSearch/ERDDetails?SiteCode=915165","screening_hit_not_yet_parcel_verified","https://gisservices.dec.ny.gov/arcgis/rest/services/der/RemediationSpills/MapServer/3/query","2026-07-29"
"1095 JEFFERSON AVE|BUFFALO|14208","1095 JEFFERSON AVE","BUFFALO","14208","-78.8532728156337","42.9043724830224","1","STANLEY MAKOWSKI EARLY CHILDHOOD CENTER","140600010126","within_1000_ft_of_dec_boundary","C915317","Jefferson Avenue Apartments","Brownfield Cleanup Program","C","1140 & 1162 Jefferson Avenue",,"Buffalo","14208     ","Erie","Buffalo (c)","4.2","1","https://appfactory.dec.ny.gov/DERExternalSearch/ERDDetails?SiteCode=C915317","screening_hit_not_yet_parcel_verified","https://gisservices.dec.ny.gov/arcgis/rest/services/der/RemediationSpills/MapServer/3/query","2026-07-29"
"111 GREAT ARROW AVE|BUFFALO|14216","111 GREAT ARROW AVE","BUFFALO","14216","-78.8720684575356","42.9424984921369","1","TAPESTRY CHARTER SCHOOL ELEMENTARY SCHOOL","800000090491","within_1000_ft_of_dec_boundary","C915314","MOD-PAC CORP.","Brownfield Cleanup Program","C","1801 Elmwood Avenue",,"Buffalo","14207     ","Erie","Buffalo (c)","1.1","1","https://appfactory.dec.ny.gov/DERExternalSearch/ERDDetails?SiteCode=C915314","screening_hit_not_yet_parcel_verified","https://gisservices.dec.ny.gov/arcgis/rest/services/der/RemediationSpills/MapServer/3/query","2026-07-29"
"1500 ELMWOOD AVE|BUFFALO|14207","1500 ELMWOOD AVE","BUFFALO","14207","-78.8793128390504","42.9382657647282","1","MCKINLEY VOCATIONAL HIGH SCHOOL","140600010098","within_1000_ft_of_dec_boundary","C915421","Voelkers Lanes Apartments","Brownfield Cleanup Program","A","1624, 1628, 1634 Elmwood Ave; 155 Marion St;","666, 668, 670, 680 Amherst St","Buffalo","14207     ","Erie","Buffalo (c)","1.1","1","https://appfactory.dec.ny.gov/DERExternalSearch/ERDDetails?SiteCode=C915421","screening_hit_not_yet_parcel_verified","https://gisservices.dec.ny.gov/arcgis/rest/services/der/RemediationSpills/MapServer/3/query","2026-07-29"
"1500 ELMWOOD AVE|BUFFALO|14207","1500 ELMWOOD AVE","BUFFALO","14207","-78.8793128390504","42.9382657647282","1","MCKINLEY VOCATIONAL HIGH SCHOOL","140600010098","within_1000_ft_of_dec_boundary","V00084","601 Amherst Street","Voluntary Cleanup Program","C","601 Amherst Street",,"Buffalo","14220     ","Erie","Buffalo (c)","4.3","1","https://appfactory.dec.ny.gov/DERExternalSearch/ERDDetails?SiteCode=V00084","screening_hit_not_yet_parcel_verified","https://gisservices.dec.ny.gov/arcgis/rest/services/der/RemediationSpills/MapServer/3/query","2026-07-29"
"157 ELK ST|BUFFALO|14210","157 ELK ST","BUFFALO","14210","-78.8484309139888","42.8687552322645","1","BILINGUAL CENTER","140600010033","within_1000_ft_of_dec_boundary","C915309","Silos at Elk Street Site","Brownfield Cleanup Program","C","50 Elk Street",,"Buffalo","14210     ","Erie","Buffalo (c)","1.1","1","https://appfactory.dec.ny.gov/DERExternalSearch/ERDDetails?SiteCode=C915309","screening_hit_not_yet_parcel_verified","https://gisservices.dec.ny.gov/arcgis/rest/services/der/RemediationSpills/MapServer/3/query","2026-07-29"
"186 E NORTH ST|BUFFALO|14204","186 E NORTH ST","BUFFALO","14204","-78.8612648895066","42.9030233959531","1","CITY HONORS SCHOOL","140600010102","within_1000_ft_of_dec_boundary","C915294","Pilgrim Village Redevelopment/Campus Square","Brownfield Cleanup Program","A","903 Ellicott Street",,"Buffalo","14209     ","Erie","Buffalo (c)","1.1","1","https://appfactory.dec.ny.gov/DERExternalSearch/ERDDetails?SiteCode=C915294","screening_hit_not_yet_parcel_verified","https://gisservices.dec.ny.gov/arcgis/rest/services/der/RemediationSpills/MapServer/3/query","2026-07-29"
"186 E NORTH ST|BUFFALO|14204","186 E NORTH ST","BUFFALO","14204","-78.8612648895066","42.9030233959531","1","CITY HONORS SCHOOL","140600010102","within_1000_ft_of_dec_boundary","C915363","Former Pilgrim Village Senior Apartments","Brownfield Cleanup Program","C","951 Ellicott Street",,"Buffalo","14209     ","Erie","Buffalo (c)","1.1","1","https://appfactory.dec.ny.gov/DERExternalSearch/ERDDetails?SiteCode=C915363","screening_hit_not_yet_parcel_verified","https://gisservices.dec.ny.gov/arcgis/rest/services/der/RemediationSpills/MapServer/3/query","2026-07-29"
"186 E NORTH ST|BUFFALO|14204","186 E NORTH ST","BUFFALO","14204","-78.8612648895066","42.9030233959531","1","CITY HONORS SCHOOL","140600010102","within_1000_ft_of_dec_boundary","C915415","Former Pilgrim Village Sublot 3","Brownfield Cleanup Program","A","951 Ellicott Street",,"Buffalo","14209     ","Erie","Buffalo (c)","1.1","1","https://appfactory.dec.ny.gov/DERExternalSearch/ERDDetails?SiteCode=C915415","screening_hit_not_yet_parcel_verified","https://gisservices.dec.ny.gov/arcgis/rest/services/der/RemediationSpills/MapServer/3/query","2026-07-29"
"2245 KENMORE AVE|BUFFALO|14223","2245 KENMORE AVE","BUFFALO","14223","-78.8966812545684","42.9654889660926","1","CHARTER SCH APPLIED TECHNOLOGIES HS","800000059271","within_1000_ft_of_dec_boundary","915057","TRW (J.H. Williams Div.)","Resource Conservation and Recovery","C","400 Vulcan Street",,"Tonawanda","14207     ","Erie","Tonawanda","4.3","1","https://appfactory.dec.ny.gov/DERExternalSearch/ERDDetails?SiteCode=915057","screening_hit_not_yet_parcel_verified","https://gisservices.dec.ny.gov/arcgis/rest/services/der/RemediationSpills/MapServer/3/query","2026-07-29"
"225 LAWN AVE|BUFFALO|14207","225 LAWN AVE","BUFFALO","14207","-78.8897147342874","42.9505882562272","1","PFC WILLIAM J GRABIARZ #79","140600010129","within_1000_ft_of_dec_boundary","V00314","Aurubis Buffalo, Inc.","Voluntary Cleanup Program","C","Military Road and Sayre Street"," ","Buffalo","14207     ","Erie","Buffalo (c)","4.3","1","https://appfactory.dec.ny.gov/DERExternalSearch/ERDDetails?SiteCode=V00314","screening_hit_not_yet_parcel_verified","https://gisservices.dec.ny.gov/arcgis/rest/services/der/RemediationSpills/MapServer/3/query","2026-07-29"
"2358 MAIN ST|BUFFALO|14214","2358 MAIN ST","BUFFALO","14214","-78.8459515667066","42.9336366994148","1","DR GEORGE BLACKMAN ECC","140600010054","within_1000_ft_of_dec_boundary","915144","Niagara Mohawk Dewey Ave. Service Sta.","State Superfund Program            ","C","144 Kensington Avenue"," ","Buffalo","14214     ","Erie","Buffalo (c)","4.3","1","https://appfactory.dec.ny.gov/DERExternalSearch/ERDDetails?SiteCode=915144","screening_hit_not_yet_parcel_verified","https://gisservices.dec.ny.gov/arcgis/rest/services/der/RemediationSpills/MapServer/3/query","2026-07-29"
"24 WESTMINSTER AVE|BUFFALO|14215","24 WESTMINSTER AVE","BUFFALO","14215","-78.8126139500977","42.9396971198681","1","WESTMINSTER COMMUNITY CHARTER SCHOOL","140600860874","within_1000_ft_of_dec_boundary","C915402","Bailey and Kensington","Brownfield Cleanup Program","N","3074 Bailey Ave; 1096, 1098, & 1102 Kensington Ave",,"Buffalo","14215     ","Erie","Buffalo (c)","1.1","1","https://appfactory.dec.ny.gov/DERExternalSearch/ERDDetails?SiteCode=C915402","screening_hit_not_yet_parcel_verified","https://gisservices.dec.ny.gov/arcgis/rest/services/der/RemediationSpills/MapServer/3/query","2026-07-29"
"249 SKILLEN ST|BUFFALO|14207","249 SKILLEN ST","BUFFALO","14207","-78.8959979233602","42.9600819154204","1","PS 65 ROOSEVELT ECC","140600010065","within_1000_ft_of_dec_boundary","C915391","2101 Kenmore Avenue Site","Brownfield Cleanup Program","C","2101 Kenmore Avenue",,"Tonawanda","14207     ","Erie","Tonawanda","1.1","1","https://appfactory.dec.ny.gov/DERExternalSearch/ERDDetails?SiteCode=C915391","screening_hit_not_yet_parcel_verified","https://gisservices.dec.ny.gov/arcgis/rest/services/der/RemediationSpills/MapServer/3/query","2026-07-29"
"256 S ELMWOOD AVE|BUFFALO|14201","256 S ELMWOOD AVE","BUFFALO","14201","-78.8788959831579","42.8917621540668","1","HUTCHINSON CENTRAL TECHNICAL HIGH SCHOOL","140600010105","within_1000_ft_of_dec_boundary","C915282","73-79 W. Huron St.","Brownfield Cleanup Program","C","73-79 W. Huron St.",,"Buffalo","14202     ","Erie","Buffalo (c)","4.2","1","https://appfactory.dec.ny.gov/DERExternalSearch/ERDDetails?SiteCode=C915282","screening_hit_not_yet_parcel_verified","https://gisservices.dec.ny.gov/arcgis/rest/services/der/RemediationSpills/MapServer/3/query","2026-07-29"
"275 OAK ST|BUFFALO|14203","275 OAK ST","BUFFALO","14203","-78.8684546079948","42.8901845284602","1","ENTERPRISE CHARTER SCHOOL","140600860856","within_1000_ft_of_dec_boundary","C915388","Simon Properties Northeast","Brownfield Cleanup Program","N","264 Oak Street",,"Buffalo","14203     ","Erie","Buffalo (c)","1.1","1","https://appfactory.dec.ny.gov/DERExternalSearch/ERDDetails?SiteCode=C915388","screening_hit_not_yet_parcel_verified","https://gisservices.dec.ny.gov/arcgis/rest/services/der/RemediationSpills/MapServer/3/query","2026-07-29"
"2885 MAIN ST|BUFFALO|14214","2885 MAIN ST","BUFFALO","14214","-78.8326608839969","42.9448850487522","2","LEWIS J BENNETT HIGH SCHOOL OF INNOVATIVE TECHNOLGY | MIDDLE EARLY COLLEGE HIGH SCHOOL","140600010311 | 140600010135","within_1000_ft_of_dec_boundary","C915369","389 Manhattan Avenue","Brownfield Cleanup Program","A","389 Manhattan Avenue",,"Buffalo","14214     ","Erie","Buffalo (c)","1.1","1","https://appfactory.dec.ny.gov/DERExternalSearch/ERDDetails?SiteCode=C915369","screening_hit_not_yet_parcel_verified","https://gisservices.dec.ny.gov/arcgis/rest/services/der/RemediationSpills/MapServer/3/query","2026-07-29"
"2885 MAIN ST|BUFFALO|14214","2885 MAIN ST","BUFFALO","14214","-78.8326608839969","42.9448850487522","2","LEWIS J BENNETT HIGH SCHOOL OF INNOVATIVE TECHNOLGY | MIDDLE EARLY COLLEGE HIGH SCHOOL","140600010311 | 140600010135","within_1000_ft_of_dec_boundary","V00168","Main-LaSalle Revitalization Project","Voluntary Cleanup Program","N","Main-LaSalle Street",,"Buffalo","14214     ","Erie","Buffalo (c)","4.3","1","https://appfactory.dec.ny.gov/DERExternalSearch/ERDDetails?SiteCode=V00168","screening_hit_not_yet_parcel_verified","https://gisservices.dec.ny.gov/arcgis/rest/services/der/RemediationSpills/MapServer/3/query","2026-07-29"
"30 RICH ST|BUFFALO|14211","30 RICH ST","BUFFALO","14211","-78.8427758483919","42.9017890006623","1","BRICK BUFFALO ACADEMY CHARTER SCHOOL","140600861196","within_1000_ft_of_dec_boundary","C915211","NOCO #S41","Brownfield Cleanup Program","C","1055 Genesee Street",,"Buffalo","14211     ","Erie","Buffalo (c)","4.3","1","https://appfactory.dec.ny.gov/DERExternalSearch/ERDDetails?SiteCode=C915211","screening_hit_not_yet_parcel_verified","https://gisservices.dec.ny.gov/arcgis/rest/services/der/RemediationSpills/MapServer/3/query","2026-07-29"
"315 CAROLINA ST|BUFFALO|14201","315 CAROLINA ST","BUFFALO","14201","-78.8784156148097","42.8939843698068","1","HERMAN BADILLO BILINGUAL ACADEMY","140600010076","within_1000_ft_of_dec_boundary","C915271","250 Delaware Avenue Site","Brownfield Cleanup Program","C","250 Delaware Avenue",,"Buffalo","14202     ","Erie","Buffalo (c)","4.2","1","https://appfactory.dec.ny.gov/DERExternalSearch/ERDDetails?SiteCode=C915271","screening_hit_not_yet_parcel_verified","https://gisservices.dec.ny.gov/arcgis/rest/services/der/RemediationSpills/MapServer/3/query","2026-07-29"
"325 MANHATTAN AVE|BUFFALO|14214","325 MANHATTAN AVE","BUFFALO","14214","-78.8283450385924","42.9416280793841","1","BUFFALO UNITED CHARTER SCHOOL","140600860851","within_1000_ft_of_dec_boundary","C915283","89 LaSalle Avenue Site","Brownfield Cleanup Program","C","89 LaSalle Avenue",,"Buffalo","14212     ","Erie","Buffalo (c)","4.2","1","https://appfactory.dec.ny.gov/DERExternalSearch/ERDDetails?SiteCode=C915283","screening_hit_not_yet_parcel_verified","https://gisservices.dec.ny.gov/arcgis/rest/services/der/RemediationSpills/MapServer/3/query","2026-07-29"
"325 MANHATTAN AVE|BUFFALO|14214","325 MANHATTAN AVE","BUFFALO","14214","-78.8283450385924","42.9416280793841","1","BUFFALO UNITED CHARTER SCHOOL","140600860851","within_1000_ft_of_dec_boundary","C915318","Main and Hertel","Brownfield Cleanup Program","C","2929-2939 Main Street",,"Buffalo","14214     ","Erie","Buffalo (c)","1.1","1","https://appfactory.dec.ny.gov/DERExternalSearch/ERDDetails?SiteCode=C915318","screening_hit_not_yet_parcel_verified","https://gisservices.dec.ny.gov/arcgis/rest/services/der/RemediationSpills/MapServer/3/query","2026-07-29"
"325 MANHATTAN AVE|BUFFALO|14214","325 MANHATTAN AVE","BUFFALO","14214","-78.8283450385924","42.9416280793841","1","BUFFALO UNITED CHARTER SCHOOL","140600860851","within_1000_ft_of_dec_boundary","C915318A","Main and Hertel - Off-Site","Brownfield Cleanup Program","A","2929-2939 Main Street",,"Buffalo","14214     ","Erie","Buffalo (c)","1.1","1","https://appfactory.dec.ny.gov/DERExternalSearch/ERDDetails?SiteCode=C915318A","screening_hit_not_yet_parcel_verified","https://gisservices.dec.ny.gov/arcgis/rest/services/der/RemediationSpills/MapServer/3/query","2026-07-29"
"325 MANHATTAN AVE|BUFFALO|14214","325 MANHATTAN AVE","BUFFALO","14214","-78.8283450385924","42.9416280793841","1","BUFFALO UNITED CHARTER SCHOOL","140600860851","within_1000_ft_of_dec_boundary","C915369","389 Manhattan Avenue","Brownfield Cleanup Program","A","389 Manhattan Avenue",,"Buffalo","14214     ","Erie","Buffalo (c)","1.1","1","https://appfactory.dec.ny.gov/DERExternalSearch/ERDDetails?SiteCode=C915369","screening_hit_not_yet_parcel_verified","https://gisservices.dec.ny.gov/arcgis/rest/services/der/RemediationSpills/MapServer/3/query","2026-07-29"
"325 MANHATTAN AVE|BUFFALO|14214","325 MANHATTAN AVE","BUFFALO","14214","-78.8283450385924","42.9416280793841","1","BUFFALO UNITED CHARTER SCHOOL","140600860851","within_1000_ft_of_dec_boundary","V00168","Main-LaSalle Revitalization Project","Voluntary Cleanup Program","N","Main-LaSalle Street",,"Buffalo","14214     ","Erie","Buffalo (c)","4.3","1","https://appfactory.dec.ny.gov/DERExternalSearch/ERDDetails?SiteCode=V00168","screening_hit_not_yet_parcel_verified","https://gisservices.dec.ny.gov/arcgis/rest/services/der/RemediationSpills/MapServer/3/query","2026-07-29"
"378 URBAN ST|BUFFALO|14211","378 URBAN ST","BUFFALO","14211","-78.8251038742474","42.909483998561","1","PERSISTENCE PREPARATORY ACADEMY CHARTER SCHOOL","140600861134","within_1000_ft_of_dec_boundary","915151","318 Urban Street","State Superfund Program            ","04","318 Urban Street"," ","Buffalo","14211     ","Erie","Buffalo (c)","4.3","1","https://appfactory.dec.ny.gov/DERExternalSearch/ERDDetails?SiteCode=915151","screening_hit_not_yet_parcel_verified","https://gisservices.dec.ny.gov/arcgis/rest/services/der/RemediationSpills/MapServer/3/query","2026-07-29"
"40 DAYS PARK|BUFFALO|14201","40 DAYS PARK","BUFFALO","14201","-78.8820200549445","42.8987808598833","1","ELMWOOD VILLAGE CHARTER SCHOOL DAYS PARK","140600860896","within_1000_ft_of_dec_boundary","C915242","295 Maryland Street","Brownfield Cleanup Program","C","289 & 291 Maryland Street and 97 & 129 West Avenue",,"Buffalo","14201     ","Erie","Buffalo (c)","4.2","1","https://appfactory.dec.ny.gov/DERExternalSearch/ERDDetails?SiteCode=C915242","screening_hit_not_yet_parcel_verified","https://gisservices.dec.ny.gov/arcgis/rest/services/der/RemediationSpills/MapServer/3/query","2026-07-29"
"400 KENSINGTON AVE|BUFFALO|14214","400 KENSINGTON AVE","BUFFALO","14214","-78.8362349646665","42.9294563593805","1","BURGARD HIGH SCHOOL","140600010101","within_1000_ft_of_dec_boundary","C915279","1827 Fillmore Avenue","Brownfield Cleanup Program","C","1827 Fillmore Avenue",,"Buffalo","14214     ","Erie","Buffalo (c)","1.1","1","https://appfactory.dec.ny.gov/DERExternalSearch/ERDDetails?SiteCode=C915279","screening_hit_not_yet_parcel_verified","https://gisservices.dec.ny.gov/arcgis/rest/services/der/RemediationSpills/MapServer/3/query","2026-07-29"
"430 SOUTHSIDE PKWY|BUFFALO|14210","430 SOUTHSIDE PKWY","BUFFALO","14210","-78.8222759534595","42.8605962705969","1","SOUTHSIDE ELEMENTARY SCHOOL","140600010093","within_1000_ft_of_dec_boundary","915324","Buffalo River - GLNPO Dredging Project","State Superfund Program            ","A","Buffalo River and City Ship Canal",,"Buffalo","14206     ","Erie","Buffalo (c)","4.2","1","https://appfactory.dec.ny.gov/DERExternalSearch/ERDDetails?SiteCode=915324","screening_hit_not_yet_parcel_verified","https://gisservices.dec.ny.gov/arcgis/rest/services/der/RemediationSpills/MapServer/3/query","2026-07-29"
"430 SOUTHSIDE PKWY|BUFFALO|14210","430 SOUTHSIDE PKWY","BUFFALO","14210","-78.8222759534595","42.8605962705969","1","SOUTHSIDE ELEMENTARY SCHOOL","140600010093","within_1000_ft_of_dec_boundary","V00734","Buffalo River - GLNPO Dredging Project","Voluntary Cleanup Program","N","Buffalo River and City Ship Canal",,"Buffalo","14206     ","Erie","Buffalo (c)","4.2","1","https://appfactory.dec.ny.gov/DERExternalSearch/ERDDetails?SiteCode=V00734","screening_hit_not_yet_parcel_verified","https://gisservices.dec.ny.gov/arcgis/rest/services/der/RemediationSpills/MapServer/3/query","2026-07-29"
"453 LEROY ST|BUFFALO|14215","453 LEROY ST","BUFFALO","14215","-78.8286828969798","42.9325551365832","1","PS 61 ARTHUR O EVE SCHOOL OF DISTINCTION","140600010061","within_1000_ft_of_dec_boundary","915412","Former Sweet Kleen Site","State Superfund Program            ","P","764 Kensington Avenue",,"Buffalo","14215     ","Erie","Buffalo (c)","4.2","1","https://appfactory.dec.ny.gov/DERExternalSearch/ERDDetails?SiteCode=915412","screening_hit_not_yet_parcel_verified","https://gisservices.dec.ny.gov/arcgis/rest/services/der/RemediationSpills/MapServer/3/query","2026-07-29"
"487 HIGH ST|BUFFALO|14211","487 HIGH ST","BUFFALO","14211","-78.8516073031081","42.8999652539035","1","MARTIN LUTHER KING JR #48","140600010314","within_1000_ft_of_dec_boundary","C915400","Jefferson and Best Site","Brownfield Cleanup Program","A","1003 Jefferson Ave, 403-411 Best St, 94-120 Earl",,"Buffalo","14204     ","Erie","Buffalo (c)","1.1","1","https://appfactory.dec.ny.gov/DERExternalSearch/ERDDetails?SiteCode=C915400","screening_hit_not_yet_parcel_verified","https://gisservices.dec.ny.gov/arcgis/rest/services/der/RemediationSpills/MapServer/3/query","2026-07-29"
"489 HERTEL AVE|BUFFALO|14207","489 HERTEL AVE","BUFFALO","14207","-78.8896684845017","42.9461879914069","1","WEST HERTEL ELEMENTARY SCHOOL","140600010118","within_1000_ft_of_dec_boundary","915007","Anaconda Company/American Brass","State Superfund Program            ","C","Military Road and Sayre Street"," ","Buffalo","14207     ","Erie","Buffalo (c)","4.3","1","https://appfactory.dec.ny.gov/DERExternalSearch/ERDDetails?SiteCode=915007","screening_hit_not_yet_parcel_verified","https://gisservices.dec.ny.gov/arcgis/rest/services/der/RemediationSpills/MapServer/3/query","2026-07-29"
"489 HERTEL AVE|BUFFALO|14207","489 HERTEL AVE","BUFFALO","14207","-78.8896684845017","42.9461879914069","1","WEST HERTEL ELEMENTARY SCHOOL","140600010118","within_1000_ft_of_dec_boundary","915210","Morgan Materials (aka Hertel Warehouse)","State Superfund Program            ","02","373 Hertel Avenue",,"Buffalo","14207     ","Erie","Buffalo (c)","4.2","1","https://appfactory.dec.ny.gov/DERExternalSearch/ERDDetails?SiteCode=915210","screening_hit_not_yet_parcel_verified","https://gisservices.dec.ny.gov/arcgis/rest/services/der/RemediationSpills/MapServer/3/query","2026-07-29"
"489 HERTEL AVE|BUFFALO|14207","489 HERTEL AVE","BUFFALO","14207","-78.8896684845017","42.9461879914069","1","WEST HERTEL ELEMENTARY SCHOOL","140600010118","within_1000_ft_of_dec_boundary","C915210","Hertel Warehouse Site","Brownfield Cleanup Program","N","373 Hertel Avenue",,"Buffalo","14207     ","Erie","Buffalo (c)","1.1","1","https://appfactory.dec.ny.gov/DERExternalSearch/ERDDetails?SiteCode=C915210","screening_hit_not_yet_parcel_verified","https://gisservices.dec.ny.gov/arcgis/rest/services/der/RemediationSpills/MapServer/3/query","2026-07-29"
"489 HERTEL AVE|BUFFALO|14207","489 HERTEL AVE","BUFFALO","14207","-78.8896684845017","42.9461879914069","1","WEST HERTEL ELEMENTARY SCHOOL","140600010118","within_1000_ft_of_dec_boundary","V00314","Aurubis Buffalo, Inc.","Voluntary Cleanup Program","C","Military Road and Sayre Street"," ","Buffalo","14207     ","Erie","Buffalo (c)","4.3","1","https://appfactory.dec.ny.gov/DERExternalSearch/ERDDetails?SiteCode=V00314","screening_hit_not_yet_parcel_verified","https://gisservices.dec.ny.gov/arcgis/rest/services/der/RemediationSpills/MapServer/3/query","2026-07-29"
"51 ONTARIO ST|BUFFALO|14207","51 ONTARIO ST","BUFFALO","14207","-78.9054045612588","42.9463601711081","1","RIVERSIDE ACADEMY HIGH SCHOOL","140600010310","within_1000_ft_of_dec_boundary","C915323","25 Rano Street Site","Brownfield Cleanup Program","A","25 Rano Street",,"Buffalo","14207     ","Erie","Buffalo (c)","1.1","1","https://appfactory.dec.ny.gov/DERExternalSearch/ERDDetails?SiteCode=C915323","screening_hit_not_yet_parcel_verified","https://gisservices.dec.ny.gov/arcgis/rest/services/der/RemediationSpills/MapServer/3/query","2026-07-29"
"646 E DELEVAN AVE|BUFFALO|14215","646 E DELEVAN AVE","BUFFALO","14215","-78.8324017742391","42.9223607748617","1","MATH SCIENCE TECHNOLOGY PREPARATORY SCHOOL AT 197","140600010132","within_1000_ft_of_dec_boundary","915165","Vibratech Inc.","State Superfund Program            ","02","537 East Delavan",,"Buffalo","14211     ","Erie","Buffalo (c)","4.3","1","https://appfactory.dec.ny.gov/DERExternalSearch/ERDDetails?SiteCode=915165","screening_hit_not_yet_parcel_verified","https://gisservices.dec.ny.gov/arcgis/rest/services/der/RemediationSpills/MapServer/3/query","2026-07-29"
"646 E DELEVAN AVE|BUFFALO|14215","646 E DELEVAN AVE","BUFFALO","14215","-78.8324017742391","42.9223607748617","1","MATH SCIENCE TECHNOLOGY PREPARATORY SCHOOL AT 197","140600010132","within_1000_ft_of_dec_boundary","915413","230 Grider","State Superfund Program            ","P","230 Grider Street",,"Buffalo","14215     ","Erie","Buffalo (c)","4.2","0","https://appfactory.dec.ny.gov/DERExternalSearch/ERDDetails?SiteCode=915413","screening_hit_not_yet_parcel_verified","https://gisservices.dec.ny.gov/arcgis/rest/services/der/RemediationSpills/MapServer/3/query","2026-07-29"
"646 E DELEVAN AVE|BUFFALO|14215","646 E DELEVAN AVE","BUFFALO","14215","-78.8324017742391","42.9223607748617","1","MATH SCIENCE TECHNOLOGY PREPARATORY SCHOOL AT 197","140600010132","within_1000_ft_of_dec_boundary","C915377","Mt. Olive Senior Manor Site","Brownfield Cleanup Program","C","227 Sheridan Avenue",,"Buffalo","14215     ","Erie","Buffalo (c)","1.1","1","https://appfactory.dec.ny.gov/DERExternalSearch/ERDDetails?SiteCode=C915377","screening_hit_not_yet_parcel_verified","https://gisservices.dec.ny.gov/arcgis/rest/services/der/RemediationSpills/MapServer/3/query","2026-07-29"
"65 GREAT ARROW AVE|BUFFALO|14216","65 GREAT ARROW AVE","BUFFALO","14216","-78.8703349554484","42.9423760497056","1","TAPESTRY CHARTER SCHOOL","140600860838","within_1000_ft_of_dec_boundary","C915220","Former Pierce Arrow Manufacturing Site","Brownfield Cleanup Program","N","255 Great Arrow Way",,"Buffalo","14207     ","Erie","Buffalo (c)","4.2","1","https://appfactory.dec.ny.gov/DERExternalSearch/ERDDetails?SiteCode=C915220","screening_hit_not_yet_parcel_verified","https://gisservices.dec.ny.gov/arcgis/rest/services/der/RemediationSpills/MapServer/3/query","2026-07-29"
"65 GREAT ARROW AVE|BUFFALO|14216","65 GREAT ARROW AVE","BUFFALO","14216","-78.8703349554484","42.9423760497056","1","TAPESTRY CHARTER SCHOOL","140600860838","within_1000_ft_of_dec_boundary","C915314","MOD-PAC CORP.","Brownfield Cleanup Program","C","1801 Elmwood Avenue",,"Buffalo","14207     ","Erie","Buffalo (c)","1.1","1","https://appfactory.dec.ny.gov/DERExternalSearch/ERDDetails?SiteCode=C915314","screening_hit_not_yet_parcel_verified","https://gisservices.dec.ny.gov/arcgis/rest/services/der/RemediationSpills/MapServer/3/query","2026-07-29"
"65 GREAT ARROW AVE|BUFFALO|14216","65 GREAT ARROW AVE","BUFFALO","14216","-78.8703349554484","42.9423760497056","1","TAPESTRY CHARTER SCHOOL","140600860838","within_1000_ft_of_dec_boundary","C915326","157 Great Arrow Avenue","Brownfield Cleanup Program","A","157 Great Arrow Avenue",,"Buffalo","14207     ","Erie","Buffalo (c)","1.1","1","https://appfactory.dec.ny.gov/DERExternalSearch/ERDDetails?SiteCode=C915326","screening_hit_not_yet_parcel_verified","https://gisservices.dec.ny.gov/arcgis/rest/services/der/RemediationSpills/MapServer/3/query","2026-07-29"
"665 HERTEL AVE|BUFFALO|14207","665 HERTEL AVE","BUFFALO","14207","-78.8841126154582","42.9451759367656","1","ELMWOOD VILLAGE CHARTER SCHOOL HERTEL","140600861105","within_1000_ft_of_dec_boundary","C915312","Pierce Arrow Business Center","Brownfield Cleanup Program","C","155-157 Chandler Street",,"Buffalo","14207     ","Erie","Buffalo (c)","1.1","1","https://appfactory.dec.ny.gov/DERExternalSearch/ERDDetails?SiteCode=C915312","screening_hit_not_yet_parcel_verified","https://gisservices.dec.ny.gov/arcgis/rest/services/der/RemediationSpills/MapServer/3/query","2026-07-29"
"665 HERTEL AVE|BUFFALO|14207","665 HERTEL AVE","BUFFALO","14207","-78.8841126154582","42.9451759367656","1","ELMWOOD VILLAGE CHARTER SCHOOL HERTEL","140600861105","within_1000_ft_of_dec_boundary","C915320","166 Chandler Street","Brownfield Cleanup Program","C","166 Chandler Street",,"Buffalo","14207     ","Erie","Buffalo (c)","1.1","1","https://appfactory.dec.ny.gov/DERExternalSearch/ERDDetails?SiteCode=C915320","screening_hit_not_yet_parcel_verified","https://gisservices.dec.ny.gov/arcgis/rest/services/der/RemediationSpills/MapServer/3/query","2026-07-29"
"665 HERTEL AVE|BUFFALO|14207","665 HERTEL AVE","BUFFALO","14207","-78.8841126154582","42.9451759367656","1","ELMWOOD VILLAGE CHARTER SCHOOL HERTEL","140600861105","within_1000_ft_of_dec_boundary","C915354","140 Chandler Street","Brownfield Cleanup Program","C","140 Chandler Street",,"Buffalo","14207     ","Erie","Buffalo (c)","4.2","1","https://appfactory.dec.ny.gov/DERExternalSearch/ERDDetails?SiteCode=C915354","screening_hit_not_yet_parcel_verified","https://gisservices.dec.ny.gov/arcgis/rest/services/der/RemediationSpills/MapServer/3/query","2026-07-29"
"665 HERTEL AVE|BUFFALO|14207","665 HERTEL AVE","BUFFALO","14207","-78.8841126154582","42.9451759367656","1","ELMWOOD VILLAGE CHARTER SCHOOL HERTEL","140600861105","within_1000_ft_of_dec_boundary","C915358","125 Chandler Street Site","Brownfield Cleanup Program","N","125 Chandler Street",,"Buffalo","14207     ","Erie","Buffalo (c)","4.2","1","https://appfactory.dec.ny.gov/DERExternalSearch/ERDDetails?SiteCode=C915358","screening_hit_not_yet_parcel_verified","https://gisservices.dec.ny.gov/arcgis/rest/services/der/RemediationSpills/MapServer/3/query","2026-07-29"
"665 HERTEL AVE|BUFFALO|14207","665 HERTEL AVE","BUFFALO","14207","-78.8841126154582","42.9451759367656","1","ELMWOOD VILLAGE CHARTER SCHOOL HERTEL","140600861105","within_1000_ft_of_dec_boundary","C915370","156 Chandler Street","Brownfield Cleanup Program","A","156 Chandler Street",,"Buffalo","14207     ","Erie","Buffalo (c)","4.2","1","https://appfactory.dec.ny.gov/DERExternalSearch/ERDDetails?SiteCode=C915370","screening_hit_not_yet_parcel_verified","https://gisservices.dec.ny.gov/arcgis/rest/services/der/RemediationSpills/MapServer/3/query","2026-07-29"
"70 W CHIPPEWA ST|BUFFALO|14202","70 W CHIPPEWA ST","BUFFALO","14202","-78.8759466949251","42.8904657025662","1","EMERSON SCHOOL OF HOSPITALITY","140600010104","within_1000_ft_of_dec_boundary","C915208","275 Franklin Street","Brownfield Cleanup Program","C","275 Franklin Street",,"Buffalo","14202     ","Erie","Buffalo (c)","4.2","1","https://appfactory.dec.ny.gov/DERExternalSearch/ERDDetails?SiteCode=C915208","screening_hit_not_yet_parcel_verified","https://gisservices.dec.ny.gov/arcgis/rest/services/der/RemediationSpills/MapServer/3/query","2026-07-29"
"70 W CHIPPEWA ST|BUFFALO|14202","70 W CHIPPEWA ST","BUFFALO","14202","-78.8759466949251","42.8904657025662","1","EMERSON SCHOOL OF HOSPITALITY","140600010104","within_1000_ft_of_dec_boundary","C915208A","275 Franklin Street - OFF-SITE","Brownfield Cleanup Program","A","275 Franklin Street",,"Buffalo","14202     ","Erie","Buffalo (c)","4.2","1","https://appfactory.dec.ny.gov/DERExternalSearch/ERDDetails?SiteCode=C915208A","screening_hit_not_yet_parcel_verified","https://gisservices.dec.ny.gov/arcgis/rest/services/der/RemediationSpills/MapServer/3/query","2026-07-29"
"73 PAWNEE PKWY|BUFFALO|14210","73 PAWNEE PKWY","BUFFALO","14210","-78.8094929080023","42.8617008369801","1","PS 27 HILLERY PARK ACADEMY","140600010027","within_1000_ft_of_dec_boundary","C915268","154 South Ogden Street Site","Brownfield Cleanup Program","C","154 South Ogden",,"Buffalo","14210     ","Erie","Buffalo (c)","4.2","1","https://appfactory.dec.ny.gov/DERExternalSearch/ERDDetails?SiteCode=C915268","screening_hit_not_yet_parcel_verified","https://gisservices.dec.ny.gov/arcgis/rest/services/der/RemediationSpills/MapServer/3/query","2026-07-29"
"75 W HURON ST|BUFFALO|14201","75 W HURON ST","BUFFALO","14201","-78.8762868386255","42.8895702082553","1","BUFFALO SCHOOL OF CULINARY ARTS AND HOSPITALITY MANAGEMENT","140600010313","within_1000_ft_of_dec_boundary","C915208","275 Franklin Street","Brownfield Cleanup Program","C","275 Franklin Street",,"Buffalo","14202     ","Erie","Buffalo (c)","4.2","1","https://appfactory.dec.ny.gov/DERExternalSearch/ERDDetails?SiteCode=C915208","screening_hit_not_yet_parcel_verified","https://gisservices.dec.ny.gov/arcgis/rest/services/der/RemediationSpills/MapServer/3/query","2026-07-29"
"75 W HURON ST|BUFFALO|14214","75 W HURON ST","BUFFALO","14214","-78.8762868386255","42.8895702082553","1","PS 42 OCCUPATIONAL TRAINING CENTER","140600010042","within_1000_ft_of_dec_boundary","C915208","275 Franklin Street","Brownfield Cleanup Program","C","275 Franklin Street",,"Buffalo","14202     ","Erie","Buffalo (c)","4.2","1","https://appfactory.dec.ny.gov/DERExternalSearch/ERDDetails?SiteCode=C915208","screening_hit_not_yet_parcel_verified","https://gisservices.dec.ny.gov/arcgis/rest/services/der/RemediationSpills/MapServer/3/query","2026-07-29"
"75 W HURON ST|BUFFALO|14214","75 W HURON ST","BUFFALO","14214","-78.8762868386255","42.8895702082553","1","PS 42 OCCUPATIONAL TRAINING CENTER","140600010042","within_1000_ft_of_dec_boundary","C915208A","275 Franklin Street - OFF-SITE","Brownfield Cleanup Program","A","275 Franklin Street",,"Buffalo","14202     ","Erie","Buffalo (c)","4.2","1","https://appfactory.dec.ny.gov/DERExternalSearch/ERDDetails?SiteCode=C915208A","screening_hit_not_yet_parcel_verified","https://gisservices.dec.ny.gov/arcgis/rest/services/der/RemediationSpills/MapServer/3/query","2026-07-29"
"75 W HURON ST|BUFFALO|14201","75 W HURON ST","BUFFALO","14201","-78.8762868386255","42.8895702082553","1","BUFFALO SCHOOL OF CULINARY ARTS AND HOSPITALITY MANAGEMENT","140600010313","within_1000_ft_of_dec_boundary","C915208A","275 Franklin Street - OFF-SITE","Brownfield Cleanup Program","A","275 Franklin Street",,"Buffalo","14202     ","Erie","Buffalo (c)","4.2","1","https://appfactory.dec.ny.gov/DERExternalSearch/ERDDetails?SiteCode=C915208A","screening_hit_not_yet_parcel_verified","https://gisservices.dec.ny.gov/arcgis/rest/services/der/RemediationSpills/MapServer/3/query","2026-07-29"
"75 W HURON ST|BUFFALO|14214","75 W HURON ST","BUFFALO","14214","-78.8762868386255","42.8895702082553","1","PS 42 OCCUPATIONAL TRAINING CENTER","140600010042","within_1000_ft_of_dec_boundary","C915237","432 Pearl Street","Brownfield Cleanup Program","C","432 Pearl Street",,"Buffalo","14202     ","Erie","Buffalo (c)","4.2","1","https://appfactory.dec.ny.gov/DERExternalSearch/ERDDetails?SiteCode=C915237","screening_hit_not_yet_parcel_verified","https://gisservices.dec.ny.gov/arcgis/rest/services/der/RemediationSpills/MapServer/3/query","2026-07-29"
"75 W HURON ST|BUFFALO|14201","75 W HURON ST","BUFFALO","14201","-78.8762868386255","42.8895702082553","1","BUFFALO SCHOOL OF CULINARY ARTS AND HOSPITALITY MANAGEMENT","140600010313","within_1000_ft_of_dec_boundary","C915237","432 Pearl Street","Brownfield Cleanup Program","C","432 Pearl Street",,"Buffalo","14202     ","Erie","Buffalo (c)","4.2","1","https://appfactory.dec.ny.gov/DERExternalSearch/ERDDetails?SiteCode=C915237","screening_hit_not_yet_parcel_verified","https://gisservices.dec.ny.gov/arcgis/rest/services/der/RemediationSpills/MapServer/3/query","2026-07-29"
"75 W HURON ST|BUFFALO|14201","75 W HURON ST","BUFFALO","14201","-78.8762868386255","42.8895702082553","1","BUFFALO SCHOOL OF CULINARY ARTS AND HOSPITALITY MANAGEMENT","140600010313","within_1000_ft_of_dec_boundary","C915271","250 Delaware Avenue Site","Brownfield Cleanup Program","C","250 Delaware Avenue",,"Buffalo","14202     ","Erie","Buffalo (c)","4.2","1","https://appfactory.dec.ny.gov/DERExternalSearch/ERDDetails?SiteCode=C915271","screening_hit_not_yet_parcel_verified","https://gisservices.dec.ny.gov/arcgis/rest/services/der/RemediationSpills/MapServer/3/query","2026-07-29"
"75 W HURON ST|BUFFALO|14214","75 W HURON ST","BUFFALO","14214","-78.8762868386255","42.8895702082553","1","PS 42 OCCUPATIONAL TRAINING CENTER","140600010042","within_1000_ft_of_dec_boundary","C915271","250 Delaware Avenue Site","Brownfield Cleanup Program","C","250 Delaware Avenue",,"Buffalo","14202     ","Erie","Buffalo (c)","4.2","1","https://appfactory.dec.ny.gov/DERExternalSearch/ERDDetails?SiteCode=C915271","screening_hit_not_yet_parcel_verified","https://gisservices.dec.ny.gov/arcgis/rest/services/der/RemediationSpills/MapServer/3/query","2026-07-29"
"750 WEST AVE|BUFFALO|14215","750 WEST AVE","BUFFALO","14215","-78.8969328266824","42.9111648454489","1","DR ANTONIA PANTOJA COMMUNITY SCHOOL OF ACADEMIC EXCELLENCE AT #18","140600010018","within_1000_ft_of_dec_boundary","C915277","1050-1088 Niagara Street Site","Brownfield Cleanup Program","C","1050-1088 Niagara Street",,"Buffalo","14213     ","Erie","Buffalo (c)","4.2","1","https://appfactory.dec.ny.gov/DERExternalSearch/ERDDetails?SiteCode=C915277","screening_hit_not_yet_parcel_verified","https://gisservices.dec.ny.gov/arcgis/rest/services/der/RemediationSpills/MapServer/3/query","2026-07-29"
"750 WEST AVE|BUFFALO|14215","750 WEST AVE","BUFFALO","14215","-78.8969328266824","42.9111648454489","1","DR ANTONIA PANTOJA COMMUNITY SCHOOL OF ACADEMIC EXCELLENCE AT #18","140600010018","within_1000_ft_of_dec_boundary","C915313","990 Niagara Street","Brownfield Cleanup Program","A","990 NIAGARA STREET",,"BUFFALO","14213     ","Erie","Buffalo (c)","1.1","1","https://appfactory.dec.ny.gov/DERExternalSearch/ERDDetails?SiteCode=C915313","screening_hit_not_yet_parcel_verified","https://gisservices.dec.ny.gov/arcgis/rest/services/der/RemediationSpills/MapServer/3/query","2026-07-29"
"750 WEST AVE|BUFFALO|14215","750 WEST AVE","BUFFALO","14215","-78.8969328266824","42.9111648454489","1","DR ANTONIA PANTOJA COMMUNITY SCHOOL OF ACADEMIC EXCELLENCE AT #18","140600010018","within_1000_ft_of_dec_boundary","C915364","1095 Niagara Street Site","Brownfield Cleanup Program","A","1095 Niagara Street",,"Buffalo","14213     ","Erie","Buffalo (c)","1.1","1","https://appfactory.dec.ny.gov/DERExternalSearch/ERDDetails?SiteCode=C915364","screening_hit_not_yet_parcel_verified","https://gisservices.dec.ny.gov/arcgis/rest/services/der/RemediationSpills/MapServer/3/query","2026-07-29"
"874 AMHERST ST|BUFFALO|14216","874 AMHERST ST","BUFFALO","14216","-78.8716510392188","42.9409371008188","1","PS 64 FREDERICK LAW OLMSTED","140600010064","within_1000_ft_of_dec_boundary","C915220","Former Pierce Arrow Manufacturing Site","Brownfield Cleanup Program","N","255 Great Arrow Way",,"Buffalo","14207     ","Erie","Buffalo (c)","4.2","1","https://appfactory.dec.ny.gov/DERExternalSearch/ERDDetails?SiteCode=C915220","screening_hit_not_yet_parcel_verified","https://gisservices.dec.ny.gov/arcgis/rest/services/der/RemediationSpills/MapServer/3/query","2026-07-29"
"874 AMHERST ST|BUFFALO|14216","874 AMHERST ST","BUFFALO","14216","-78.8716510392188","42.9409371008188","1","PS 64 FREDERICK LAW OLMSTED","140600010064","within_1000_ft_of_dec_boundary","C915326","157 Great Arrow Avenue","Brownfield Cleanup Program","A","157 Great Arrow Avenue",,"Buffalo","14207     ","Erie","Buffalo (c)","1.1","1","https://appfactory.dec.ny.gov/DERExternalSearch/ERDDetails?SiteCode=C915326","screening_hit_not_yet_parcel_verified","https://gisservices.dec.ny.gov/arcgis/rest/services/der/RemediationSpills/MapServer/3/query","2026-07-29"
"95 FOURTH ST|BUFFALO|14202","95 FOURTH ST","BUFFALO","14202","-78.8846094999051","42.8870038895827","1","WATERFRONT ELEMENTARY SCHOOL","140600010119","within_1000_ft_of_dec_boundary","C915340","240 - 260 Lakefront Boulevard Site","Brownfield Cleanup Program","C","240 Lakefront Boulevard",,"Buffalo","14203     ","Erie","Buffalo (c)","1.1","1","https://appfactory.dec.ny.gov/DERExternalSearch/ERDDetails?SiteCode=C915340","screening_hit_not_yet_parcel_verified","https://gisservices.dec.ny.gov/arcgis/rest/services/der/RemediationSpills/MapServer/3/query","2026-07-29"
"97 W DELAVAN AVE|BUFFALO|14213","97 W DELAVAN AVE","BUFFALO","14213","-78.8958668758249","42.9217397151661","1","NATIVE AMERICAN MAGNET","140600010019","within_1000_ft_of_dec_boundary","915176","ChemCore","State Superfund Program            ","04","1382 Niagara Street"," ","Buffalo","14213     ","Erie","Buffalo (c)","4.2","1","https://appfactory.dec.ny.gov/DERExternalSearch/ERDDetails?SiteCode=915176","screening_hit_not_yet_parcel_verified","https://gisservices.dec.ny.gov/arcgis/rest/services/der/RemediationSpills/MapServer/3/query","2026-07-29"
"97 W DELAVAN AVE|BUFFALO|14213","97 W DELAVAN AVE","BUFFALO","14213","-78.8958668758249","42.9217397151661","1","NATIVE AMERICAN MAGNET","140600010019","within_1000_ft_of_dec_boundary","C915302","1360 Niagara Street","Brownfield Cleanup Program","C","1336, 1340 and 1360 Niagara Street",,"Buffalo","14213     ","Erie","Buffalo (c)","4.2","1","https://appfactory.dec.ny.gov/DERExternalSearch/ERDDetails?SiteCode=C915302","screening_hit_not_yet_parcel_verified","https://gisservices.dec.ny.gov/arcgis/rest/services/der/RemediationSpills/MapServer/3/query","2026-07-29"
"97 W DELAVAN AVE|BUFFALO|14213","97 W DELAVAN AVE","BUFFALO","14213","-78.8958668758249","42.9217397151661","1","NATIVE AMERICAN MAGNET","140600010019","within_1000_ft_of_dec_boundary","E915213","1318 Niagara Street","Environmental Restoration Program ","A","1318 Niagara Street",,"Buffalo","14213     ","Erie","Buffalo (c)","4.2","1","https://appfactory.dec.ny.gov/DERExternalSearch/ERDDetails?SiteCode=E915213","screening_hit_not_yet_parcel_verified","https://gisservices.dec.ny.gov/arcgis/rest/services/der/RemediationSpills/MapServer/3/query","2026-07-29"
"106 APPENHEIMER ST|BUFFALO|14214","106 APPENHEIMER ST","BUFFALO","14214","-78.8348216359528","42.92420024424","1","DR LYDIA T WRIGHT SCH OF EXCELLENCE","140600010094","within_500_ft_of_dec_boundary","C915279","1827 Fillmore Avenue","Brownfield Cleanup Program","C","1827 Fillmore Avenue",,"Buffalo","14214     ","Erie","Buffalo (c)","1.1","1","https://appfactory.dec.ny.gov/DERExternalSearch/ERDDetails?SiteCode=C915279","screening_hit_not_yet_parcel_verified","https://gisservices.dec.ny.gov/arcgis/rest/services/der/RemediationSpills/MapServer/3/query","2026-07-29"
"1095 JEFFERSON AVE|BUFFALO|14208","1095 JEFFERSON AVE","BUFFALO","14208","-78.8532728156337","42.9043724830224","1","STANLEY MAKOWSKI EARLY CHILDHOOD CENTER","140600010126","within_500_ft_of_dec_boundary","C915400","Jefferson and Best Site","Brownfield Cleanup Program","A","1003 Jefferson Ave, 403-411 Best St, 94-120 Earl",,"Buffalo","14204     ","Erie","Buffalo (c)","1.1","1","https://appfactory.dec.ny.gov/DERExternalSearch/ERDDetails?SiteCode=C915400","screening_hit_not_yet_parcel_verified","https://gisservices.dec.ny.gov/arcgis/rest/services/der/RemediationSpills/MapServer/3/query","2026-07-29"
"111 GREAT ARROW AVE|BUFFALO|14216","111 GREAT ARROW AVE","BUFFALO","14216","-78.8720684575356","42.9424984921369","1","TAPESTRY CHARTER SCHOOL ELEMENTARY SCHOOL","800000090491","within_500_ft_of_dec_boundary","C915220","Former Pierce Arrow Manufacturing Site","Brownfield Cleanup Program","N","255 Great Arrow Way",,"Buffalo","14207     ","Erie","Buffalo (c)","4.2","1","https://appfactory.dec.ny.gov/DERExternalSearch/ERDDetails?SiteCode=C915220","screening_hit_not_yet_parcel_verified","https://gisservices.dec.ny.gov/arcgis/rest/services/der/RemediationSpills/MapServer/3/query","2026-07-29"
"111 GREAT ARROW AVE|BUFFALO|14216","111 GREAT ARROW AVE","BUFFALO","14216","-78.8720684575356","42.9424984921369","1","TAPESTRY CHARTER SCHOOL ELEMENTARY SCHOOL","800000090491","within_500_ft_of_dec_boundary","C915326","157 Great Arrow Avenue","Brownfield Cleanup Program","A","157 Great Arrow Avenue",,"Buffalo","14207     ","Erie","Buffalo (c)","1.1","1","https://appfactory.dec.ny.gov/DERExternalSearch/ERDDetails?SiteCode=C915326","screening_hit_not_yet_parcel_verified","https://gisservices.dec.ny.gov/arcgis/rest/services/der/RemediationSpills/MapServer/3/query","2026-07-29"
"186 E NORTH ST|BUFFALO|14204","186 E NORTH ST","BUFFALO","14204","-78.8612648895066","42.9030233959531","1","CITY HONORS SCHOOL","140600010102","within_500_ft_of_dec_boundary","C915362","Former Pilgrim Village Family Apartments","Brownfield Cleanup Program","C","1100 MICHIGAN AVENUE",,"Buffalo","14209     ","Erie","Buffalo (c)","1.1","1","https://appfactory.dec.ny.gov/DERExternalSearch/ERDDetails?SiteCode=C915362","screening_hit_not_yet_parcel_verified","https://gisservices.dec.ny.gov/arcgis/rest/services/der/RemediationSpills/MapServer/3/query","2026-07-29"
"186 E NORTH ST|BUFFALO|14204","186 E NORTH ST","BUFFALO","14204","-78.8612648895066","42.9030233959531","1","CITY HONORS SCHOOL","140600010102","within_500_ft_of_dec_boundary","C915375","Michigan-Best Development","Brownfield Cleanup Program","C","1145 Michigan Avenue",,"Buffalo","14209     ","Erie","Buffalo (c)","1.1","1","https://appfactory.dec.ny.gov/DERExternalSearch/ERDDetails?SiteCode=C915375","screening_hit_not_yet_parcel_verified","https://gisservices.dec.ny.gov/arcgis/rest/services/der/RemediationSpills/MapServer/3/query","2026-07-29"
"225 LAWN AVE|BUFFALO|14207","225 LAWN AVE","BUFFALO","14207","-78.8897147342874","42.9505882562272","1","PFC WILLIAM J GRABIARZ #79","140600010129","within_500_ft_of_dec_boundary","915007","Anaconda Company/American Brass","State Superfund Program            ","C","Military Road and Sayre Street"," ","Buffalo","14207     ","Erie","Buffalo (c)","4.3","1","https://appfactory.dec.ny.gov/DERExternalSearch/ERDDetails?SiteCode=915007","screening_hit_not_yet_parcel_verified","https://gisservices.dec.ny.gov/arcgis/rest/services/der/RemediationSpills/MapServer/3/query","2026-07-29"
"2303 KENMORE AVE|BUFFALO|14207","2303 KENMORE AVE","BUFFALO","14207","-78.8985000915648","42.9673009976738","1","CHARTER SCHOOL FOR APPLIED TECHNOLOGIES","142601860031","within_500_ft_of_dec_boundary","915057","TRW (J.H. Williams Div.)","Resource Conservation and Recovery","C","400 Vulcan Street",,"Tonawanda","14207     ","Erie","Tonawanda","4.3","1","https://appfactory.dec.ny.gov/DERExternalSearch/ERDDetails?SiteCode=915057","screening_hit_not_yet_parcel_verified","https://gisservices.dec.ny.gov/arcgis/rest/services/der/RemediationSpills/MapServer/3/query","2026-07-29"
"256 S ELMWOOD AVE|BUFFALO|14201","256 S ELMWOOD AVE","BUFFALO","14201","-78.8788959831579","42.8917621540668","1","HUTCHINSON CENTRAL TECHNICAL HIGH SCHOOL","140600010105","within_500_ft_of_dec_boundary","C915214","200 Delaware Ave Project","Brownfield Cleanup Program","N","200 Delaware Ave",,"Buffalo","14202     ","Erie","Buffalo (c)","4.3","1","https://appfactory.dec.ny.gov/DERExternalSearch/ERDDetails?SiteCode=C915214","screening_hit_not_yet_parcel_verified","https://gisservices.dec.ny.gov/arcgis/rest/services/der/RemediationSpills/MapServer/3/query","2026-07-29"
"256 S ELMWOOD AVE|BUFFALO|14201","256 S ELMWOOD AVE","BUFFALO","14201","-78.8788959831579","42.8917621540668","1","HUTCHINSON CENTRAL TECHNICAL HIGH SCHOOL","140600010105","within_500_ft_of_dec_boundary","C915271","250 Delaware Avenue Site","Brownfield Cleanup Program","C","250 Delaware Avenue",,"Buffalo","14202     ","Erie","Buffalo (c)","4.2","1","https://appfactory.dec.ny.gov/DERExternalSearch/ERDDetails?SiteCode=C915271","screening_hit_not_yet_parcel_verified","https://gisservices.dec.ny.gov/arcgis/rest/services/der/RemediationSpills/MapServer/3/query","2026-07-29"
"275 OAK ST|BUFFALO|14203","275 OAK ST","BUFFALO","14203","-78.8684546079948","42.8901845284602","1","ENTERPRISE CHARTER SCHOOL","140600860856","within_500_ft_of_dec_boundary","C915366","Ellicott and Oak Streets Site","Brownfield Cleanup Program","A","324, 328, and 334 North Oak St and 441 Ellicott St",,"Bufalo","14203     ","Erie","Buffalo (c)","1.1","1","https://appfactory.dec.ny.gov/DERExternalSearch/ERDDetails?SiteCode=C915366","screening_hit_not_yet_parcel_verified","https://gisservices.dec.ny.gov/arcgis/rest/services/der/RemediationSpills/MapServer/3/query","2026-07-29"
"2885 MAIN ST|BUFFALO|14214","2885 MAIN ST","BUFFALO","14214","-78.8326608839969","42.9448850487522","2","LEWIS J BENNETT HIGH SCHOOL OF INNOVATIVE TECHNOLGY | MIDDLE EARLY COLLEGE HIGH SCHOOL","140600010311 | 140600010135","within_500_ft_of_dec_boundary","C915318","Main and Hertel","Brownfield Cleanup Program","C","2929-2939 Main Street",,"Buffalo","14214     ","Erie","Buffalo (c)","1.1","1","https://appfactory.dec.ny.gov/DERExternalSearch/ERDDetails?SiteCode=C915318","screening_hit_not_yet_parcel_verified","https://gisservices.dec.ny.gov/arcgis/rest/services/der/RemediationSpills/MapServer/3/query","2026-07-29"
"2885 MAIN ST|BUFFALO|14214","2885 MAIN ST","BUFFALO","14214","-78.8326608839969","42.9448850487522","2","LEWIS J BENNETT HIGH SCHOOL OF INNOVATIVE TECHNOLGY | MIDDLE EARLY COLLEGE HIGH SCHOOL","140600010311 | 140600010135","within_500_ft_of_dec_boundary","C915318A","Main and Hertel - Off-Site","Brownfield Cleanup Program","A","2929-2939 Main Street",,"Buffalo","14214     ","Erie","Buffalo (c)","1.1","1","https://appfactory.dec.ny.gov/DERExternalSearch/ERDDetails?SiteCode=C915318A","screening_hit_not_yet_parcel_verified","https://gisservices.dec.ny.gov/arcgis/rest/services/der/RemediationSpills/MapServer/3/query","2026-07-29"
"315 CAROLINA ST|BUFFALO|14201","315 CAROLINA ST","BUFFALO","14201","-78.8784156148097","42.8939843698068","1","HERMAN BADILLO BILINGUAL ACADEMY","140600010076","within_500_ft_of_dec_boundary","C915389","147 West Tupper Street Site","Brownfield Cleanup Program","C","147 West Tupper Street",,"Buffalo","14201     ","Erie","Buffalo (c)","1.1","1","https://appfactory.dec.ny.gov/DERExternalSearch/ERDDetails?SiteCode=C915389","screening_hit_not_yet_parcel_verified","https://gisservices.dec.ny.gov/arcgis/rest/services/der/RemediationSpills/MapServer/3/query","2026-07-29"
"325 MANHATTAN AVE|BUFFALO|14214","325 MANHATTAN AVE","BUFFALO","14214","-78.8283450385924","42.9416280793841","1","BUFFALO UNITED CHARTER SCHOOL","140600860851","within_500_ft_of_dec_boundary","915033","LaSalle Reservoir","State Superfund Program            ","N","Parkridge Avenue and East Amherst Street"," ","Buffalo","14214     ","Erie","Buffalo (c)","4.3","1","https://appfactory.dec.ny.gov/DERExternalSearch/ERDDetails?SiteCode=915033","screening_hit_not_yet_parcel_verified","https://gisservices.dec.ny.gov/arcgis/rest/services/der/RemediationSpills/MapServer/3/query","2026-07-29"
"340 FOUGERON ST|BUFFALO|14211","340 FOUGERON ST","BUFFALO","14211","-78.826441251019","42.9086596933666","1","BUILD COMMUNITY SCHOOL","140600010312","within_500_ft_of_dec_boundary","915151","318 Urban Street","State Superfund Program            ","04","318 Urban Street"," ","Buffalo","14211     ","Erie","Buffalo (c)","4.3","1","https://appfactory.dec.ny.gov/DERExternalSearch/ERDDetails?SiteCode=915151","screening_hit_not_yet_parcel_verified","https://gisservices.dec.ny.gov/arcgis/rest/services/der/RemediationSpills/MapServer/3/query","2026-07-29"
"462 GRIDER ST|BUFFALO|14215","462 GRIDER ST","BUFFALO","14215","-78.8347455119414","42.9278274452747","1","PS 84","140600010084","within_500_ft_of_dec_boundary","C915279","1827 Fillmore Avenue","Brownfield Cleanup Program","C","1827 Fillmore Avenue",,"Buffalo","14214     ","Erie","Buffalo (c)","1.1","1","https://appfactory.dec.ny.gov/DERExternalSearch/ERDDetails?SiteCode=C915279","screening_hit_not_yet_parcel_verified","https://gisservices.dec.ny.gov/arcgis/rest/services/der/RemediationSpills/MapServer/3/query","2026-07-29"
"50 A ST|BUFFALO|14211","50 A ST","BUFFALO","14211","-78.8374314248614","42.9014044672982","1","PS 90","140600010320","within_500_ft_of_dec_boundary","C915211","NOCO #S41","Brownfield Cleanup Program","C","1055 Genesee Street",,"Buffalo","14211     ","Erie","Buffalo (c)","4.3","1","https://appfactory.dec.ny.gov/DERExternalSearch/ERDDetails?SiteCode=C915211","screening_hit_not_yet_parcel_verified","https://gisservices.dec.ny.gov/arcgis/rest/services/der/RemediationSpills/MapServer/3/query","2026-07-29"
"70 W CHIPPEWA ST|BUFFALO|14202","70 W CHIPPEWA ST","BUFFALO","14202","-78.8759466949251","42.8904657025662","1","EMERSON SCHOOL OF HOSPITALITY","140600010104","within_500_ft_of_dec_boundary","C915214","200 Delaware Ave Project","Brownfield Cleanup Program","N","200 Delaware Ave",,"Buffalo","14202     ","Erie","Buffalo (c)","4.3","1","https://appfactory.dec.ny.gov/DERExternalSearch/ERDDetails?SiteCode=C915214","screening_hit_not_yet_parcel_verified","https://gisservices.dec.ny.gov/arcgis/rest/services/der/RemediationSpills/MapServer/3/query","2026-07-29"
"70 W CHIPPEWA ST|BUFFALO|14202","70 W CHIPPEWA ST","BUFFALO","14202","-78.8759466949251","42.8904657025662","1","EMERSON SCHOOL OF HOSPITALITY","140600010104","within_500_ft_of_dec_boundary","C915237","432 Pearl Street","Brownfield Cleanup Program","C","432 Pearl Street",,"Buffalo","14202     ","Erie","Buffalo (c)","4.2","1","https://appfactory.dec.ny.gov/DERExternalSearch/ERDDetails?SiteCode=C915237","screening_hit_not_yet_parcel_verified","https://gisservices.dec.ny.gov/arcgis/rest/services/der/RemediationSpills/MapServer/3/query","2026-07-29"
"70 W CHIPPEWA ST|BUFFALO|14202","70 W CHIPPEWA ST","BUFFALO","14202","-78.8759466949251","42.8904657025662","1","EMERSON SCHOOL OF HOSPITALITY","140600010104","within_500_ft_of_dec_boundary","C915271","250 Delaware Avenue Site","Brownfield Cleanup Program","C","250 Delaware Avenue",,"Buffalo","14202     ","Erie","Buffalo (c)","4.2","1","https://appfactory.dec.ny.gov/DERExternalSearch/ERDDetails?SiteCode=C915271","screening_hit_not_yet_parcel_verified","https://gisservices.dec.ny.gov/arcgis/rest/services/der/RemediationSpills/MapServer/3/query","2026-07-29"
"70 W CHIPPEWA ST|BUFFALO|14202","70 W CHIPPEWA ST","BUFFALO","14202","-78.8759466949251","42.8904657025662","1","EMERSON SCHOOL OF HOSPITALITY","140600010104","within_500_ft_of_dec_boundary","C915282","73-79 W. Huron St.","Brownfield Cleanup Program","C","73-79 W. Huron St.",,"Buffalo","14202     ","Erie","Buffalo (c)","4.2","1","https://appfactory.dec.ny.gov/DERExternalSearch/ERDDetails?SiteCode=C915282","screening_hit_not_yet_parcel_verified","https://gisservices.dec.ny.gov/arcgis/rest/services/der/RemediationSpills/MapServer/3/query","2026-07-29"
"75 W HURON ST|BUFFALO|14214","75 W HURON ST","BUFFALO","14214","-78.8762868386255","42.8895702082553","1","PS 42 OCCUPATIONAL TRAINING CENTER","140600010042","within_500_ft_of_dec_boundary","C915214","200 Delaware Ave Project","Brownfield Cleanup Program","N","200 Delaware Ave",,"Buffalo","14202     ","Erie","Buffalo (c)","4.3","1","https://appfactory.dec.ny.gov/DERExternalSearch/ERDDetails?SiteCode=C915214","screening_hit_not_yet_parcel_verified","https://gisservices.dec.ny.gov/arcgis/rest/services/der/RemediationSpills/MapServer/3/query","2026-07-29"
"75 W HURON ST|BUFFALO|14201","75 W HURON ST","BUFFALO","14201","-78.8762868386255","42.8895702082553","1","BUFFALO SCHOOL OF CULINARY ARTS AND HOSPITALITY MANAGEMENT","140600010313","within_500_ft_of_dec_boundary","C915214","200 Delaware Ave Project","Brownfield Cleanup Program","N","200 Delaware Ave",,"Buffalo","14202     ","Erie","Buffalo (c)","4.3","1","https://appfactory.dec.ny.gov/DERExternalSearch/ERDDetails?SiteCode=C915214","screening_hit_not_yet_parcel_verified","https://gisservices.dec.ny.gov/arcgis/rest/services/der/RemediationSpills/MapServer/3/query","2026-07-29"
"95 FOURTH ST|BUFFALO|14202","95 FOURTH ST","BUFFALO","14202","-78.8846094999051","42.8870038895827","1","WATERFRONT ELEMENTARY SCHOOL","140600010119","within_500_ft_of_dec_boundary","915167","Fourth Street MGP Site","State Superfund Program            ","C","43 Carolina Street"," ","Buffalo","14202     ","Erie","Buffalo (c)","4.3","1","https://appfactory.dec.ny.gov/DERExternalSearch/ERDDetails?SiteCode=915167","screening_hit_not_yet_parcel_verified","https://gisservices.dec.ny.gov/arcgis/rest/services/der/RemediationSpills/MapServer/3/query","2026-07-29"
"95 FOURTH ST|BUFFALO|14202","95 FOURTH ST","BUFFALO","14202","-78.8846094999051","42.8870038895827","1","WATERFRONT ELEMENTARY SCHOOL","140600010119","within_500_ft_of_dec_boundary","C915194","Former Buffalo Service Station","Brownfield Cleanup Program","C","249 West Genesee Street"," ","Buffalo","14202     ","Erie","Buffalo (c)","4.3","1","https://appfactory.dec.ny.gov/DERExternalSearch/ERDDetails?SiteCode=C915194","screening_hit_not_yet_parcel_verified","https://gisservices.dec.ny.gov/arcgis/rest/services/der/RemediationSpills/MapServer/3/query","2026-07-29"
"95 FOURTH ST|BUFFALO|14202","95 FOURTH ST","BUFFALO","14202","-78.8846094999051","42.8870038895827","1","WATERFRONT ELEMENTARY SCHOOL","140600010119","within_500_ft_of_dec_boundary","C915194A","Former Buffalo Service Station - OFF-SITE","Brownfield Cleanup Program","C","249 West Genesee Street"," ","Buffalo","14202     ","Erie","Buffalo (c)","4.2","1","https://appfactory.dec.ny.gov/DERExternalSearch/ERDDetails?SiteCode=C915194A","screening_hit_not_yet_parcel_verified","https://gisservices.dec.ny.gov/arcgis/rest/services/der/RemediationSpills/MapServer/3/query","2026-07-29"
"95 FOURTH ST|BUFFALO|14202","95 FOURTH ST","BUFFALO","14202","-78.8846094999051","42.8870038895827","1","WATERFRONT ELEMENTARY SCHOOL","140600010119","within_500_ft_of_dec_boundary","C915195","Buffalo Urban Renewal Agency West Property","Brownfield Cleanup Program","C","257 West Genesee Street",,"Buffalo","14202     ","Erie","Buffalo (c)","4.3","1","https://appfactory.dec.ny.gov/DERExternalSearch/ERDDetails?SiteCode=C915195","screening_hit_not_yet_parcel_verified","https://gisservices.dec.ny.gov/arcgis/rest/services/der/RemediationSpills/MapServer/3/query","2026-07-29"
"95 FOURTH ST|BUFFALO|14202","95 FOURTH ST","BUFFALO","14202","-78.8846094999051","42.8870038895827","1","WATERFRONT ELEMENTARY SCHOOL","140600010119","within_500_ft_of_dec_boundary","C915203","4 New Seventh Street Site","Brownfield Cleanup Program","C","4 New Seventh Street Site",,"Buffalo","14202     ","Erie","Buffalo (c)","4.3","1","https://appfactory.dec.ny.gov/DERExternalSearch/ERDDetails?SiteCode=C915203","screening_hit_not_yet_parcel_verified","https://gisservices.dec.ny.gov/arcgis/rest/services/der/RemediationSpills/MapServer/3/query","2026-07-29"
"95 FOURTH ST|BUFFALO|14202","95 FOURTH ST","BUFFALO","14202","-78.8846094999051","42.8870038895827","1","WATERFRONT ELEMENTARY SCHOOL","140600010119","within_500_ft_of_dec_boundary","V00362","NFG - Buffalo Service Center","Voluntary Cleanup Program","C","95 Fourth Street",,"Buffalo","14202     ","Erie","Buffalo (c)","4.2","1","https://appfactory.dec.ny.gov/DERExternalSearch/ERDDetails?SiteCode=V00362","screening_hit_not_yet_parcel_verified","https://gisservices.dec.ny.gov/arcgis/rest/services/der/RemediationSpills/MapServer/3/query","2026-07-29"
