"site_code","site_name","program","site_class","address","closest_band","dec_document_index","document_count","has_certificate_of_completion","certificate_documents","has_decision_or_rod","decision_documents","has_final_engineering_report","engineering_documents","has_site_management_plan","management_documents","has_periodic_review","periodic_review_documents","application_or_phase_documents","fact_sheet_documents","index_status","indexed_on"
"915007","Anaconda Company/American Brass","State Superfund Program            ","C","Military Road and Sayre Street","within_500_ft_of_dec_boundary","https://extapps.dec.ny.gov/data/DecDocs/915007/","0","False","","False","","False","","False","","False","","","","unavailable: The remote server returned an error: (404) Not Found.","2026-07-29"
"915033","LaSalle Reservoir","State Superfund Program            ","N","Parkridge Avenue and East Amherst Street","within_500_ft_of_dec_boundary","https://extapps.dec.ny.gov/data/DecDocs/915033/","2","False","","False","","False","","False","","False","","Report.HW.915033.1986-03-01.Phase_I_Investigation.pdf | Report.HW.915033.1991-04-01.Phase_II_Investigation.pdf","","available","2026-07-29"
"915057","TRW (J.H. Williams Div.)","Resource Conservation and Recovery","C","400 Vulcan Street","within_500_ft_of_dec_boundary","https://extapps.dec.ny.gov/data/DecDocs/915057/","0","False","","False","","False","","False","","False","","","","unavailable: The remote server returned an error: (404) Not Found.","2026-07-29"
"915144","Niagara Mohawk Dewey Ave. Service Sta.","State Superfund Program            ","C","144 Kensington Avenue","within_1000_ft_of_dec_boundary","https://extapps.dec.ny.gov/data/DecDocs/915144/","28","False","","False","","False","","False","","True","Report.HW.915144.2014-10-30.NG_Dewey_2014_PRR_GW_Report.pdf | Report.HW.915144.2015-11-11.PRR_and_IC-EC_Certification.pdf | Report.HW.915144.2016-11-28.NG_Dewey_2016_PRR_and_GW_Report.pdf | Report.HW.915144.2017-11-30.PRR_and_IC-EC_Cert.pdf | Report.HW.915144.2018-11-30.PRR_and_IC-EC_Certification.pdf | Report.HW.915144.2019-12-12.PRR_and_IC-EC_Certification.pdf | Report.HW.915144.2020-12-16.PRR_and_IC-EC_Certification.pdf | Report.HW.915144.2022-01-20.PRR_and_IC-EC_Certification.pdf | Report.HW.915144.2022-12-20.PRR_and_IC-EC_Certification.pdf | Report.HW.915144.2024-03-07.PRR_and_IC-EC_Certification.pdf | Report.HW.915144.2025-05-06.PRR_and_IC-EC_Certification.pdf | Report.HW.915144.2026-03-02.PRR_and_IC-EC_Certification.pdf","","","available","2026-07-29"
"915151","318 Urban Street","State Superfund Program            ","04","318 Urban Street","within_500_ft_of_dec_boundary","https://extapps.dec.ny.gov/data/DecDocs/915151/","27","False","","True","ROD.HW.915151.1995-03-01.urban_street.pdf","True","Report.HW.915151.2012-05-01.FER_Vol1.pdf | Report.HW.915151.2012-05-01.FER_Vol2.pdf | Report.HW.915151.2012-05-01.FER_Vol3.pdf | Report.HW.915151.2012-05-01.FER_Vol4.pdf | Report.HW.915151.2012-05-01.FER_Vol5.pdf | Report.HW.915151.2012-05-01.FER_Vol6.pdf | Report.HW.915151.2012-05-01.FER_Vol7.pdf","True","Work Plan.HW.915151.2012-05-25.updated_SMP.pdf","True","Report.HW.915151.2013-10-21.318_Urban_St_PRR_Oct_2013.pdf | Report.HW.915151.2015-11-13.Nov_2015_PRR.pdf | Report.HW.915151.2017-09-29.PRR_and_IC-EC_Certification-Revised.pdf | Report.HW.915151.2019-09-26.PRR_and_IC-EC_Certification.pdf | Report.HW.915151.2023-02-02.PRR_and_IC-EC_Certification.pdf | Report.HW.915151.2025-10-31.PRR_and_IC-EC_Certification.pdf","","Fact Sheet.HW.915151.2012-09-20.cleanup_complete.pdf","available","2026-07-29"
"915165","Vibratech Inc.","State Superfund Program            ","02","537 East Delavan","within_1000_ft_of_dec_boundary","https://extapps.dec.ny.gov/data/DecDocs/915165/","57","False","","True","Decision Document.HW.915165.1995-10-12.Interim Remedial Measure Decision Document Oct 1995.pdf | ROD.HW.915165.1997-03-01.vibratech_inc.pdf","False","","False","","True","Report.HW.915165.2002-04-08.Periodic_Review.pdf","Report.HW.915165.1994-06-09.Phase I Environmental Assessment Report June 1994.pdf | Report.HW.915165.1994-06-09.Phase II Environmental Assessment Report June 1994.pdf | Report.HW.915165.2014-09-01.Final Phase I Environmental Site Assessment Report.pdf | Report.HW.915165.2014-11-13.Phase II ESA Report (GZA-Final).pdf","Fact Sheet.HW.915165.2008-10-27.Untitled_20140827135626.pdf | Fact Sheet.HW.915165.2009-08-01.EPA_EPACleanupActionsNearlyComplete.pdf | Fact Sheet.HW.915165.2012-01-20.InvestigationToBegin.pdf | Fact Sheet.HW.915165.2012-01-23.ListServNotice_Factsheet.pdf","available","2026-07-29"
"915167","Fourth Street MGP Site","State Superfund Program            ","C","43 Carolina Street","within_500_ft_of_dec_boundary","https://extapps.dec.ny.gov/data/DecDocs/915167/","16","False","","True","ROD.HW.915167.2001-08-01.fourth_street.pdf","False","","False","","True","Report.HW.915167.2017-10-03.IC-EC_Certification.pdf | Report.HW.915167.2020-11-19.IC-EC_Certification.pdf","Report.HW.915167.1992-05-20.PhaseII_EnvironmentalInvestigation.pdf","Fact Sheet.HW.915167.2003-11-03.Project_Update.pdf | Fact Sheet.HW.915167.2005-05-01.Fact_Sheet.pdf","available","2026-07-29"
"915176","ChemCore","State Superfund Program            ","04","1382 Niagara Street","within_1000_ft_of_dec_boundary","https://extapps.dec.ny.gov/data/DecDocs/915176/","46","False","","True","ROD.HW.915176.2001-01-29.ChemCore.pdf","True","Report.HW.915176.2007-11-01.FERAddendum-OMM.pdf","True","Work Plan.HW.915176.2022-02-17.ChemCore Final SMP.pdf | Work Plan.HW.915176.2022-02-17.ChemCore SMP Appendix E- FAP.pdf | Work Plan.HW.915176.2022-02-17.ChemCore SMP Appendix F- HASP.pdf | Work Plan.HW.915176.2022-02-17.SMP Appendix I- QAPP .pdf","True","Report.HW.915176.2023-11-17.ChemCore Periodic Review Report 2023.pdf","","Fact Sheet.HW.915176.2004-07-01.RDRA_Factsheet.pdf | Fact Sheet.HW.915176.2022-10-07.2-4 Reclass Public Notice.pdf","available","2026-07-29"
"915210","Morgan Materials (aka Hertel Warehouse)","State Superfund Program            ","02","373 Hertel Avenue","within_1000_ft_of_dec_boundary","https://extapps.dec.ny.gov/data/DecDocs/915210/","6","False","","False","","False","","False","","False","","","Fact Sheet.HW.915210.2018-11-18.Class 2 Listing_Public Notice.pdf","available","2026-07-29"
"915324","Buffalo River - GLNPO Dredging Project","State Superfund Program            ","A","Buffalo River and City Ship Canal","within_1000_ft_of_dec_boundary","https://extapps.dec.ny.gov/data/DecDocs/915324/","0","False","","False","","False","","False","","False","","","","unavailable: The remote server returned an error: (404) Not Found.","2026-07-29"
"915412","Former Sweet Kleen Site","State Superfund Program            ","P","764 Kensington Avenue","within_1000_ft_of_dec_boundary","https://extapps.dec.ny.gov/data/DecDocs/915412/","0","False","","False","","False","","False","","False","","","","unavailable: The remote server returned an error: (404) Not Found.","2026-07-29"
"915413","230 Grider","State Superfund Program            ","P","230 Grider Street","within_1000_ft_of_dec_boundary","https://extapps.dec.ny.gov/data/DecDocs/915413/","1","False","","False","","False","","False","","False","","","","available","2026-07-29"
"C915194","Former Buffalo Service Station","Brownfield Cleanup Program","C","249 West Genesee Street","within_500_ft_of_dec_boundary","https://extapps.dec.ny.gov/data/DecDocs/C915194/","44","True","Fact Sheet.BCP.C915194.2006-12-01.COC_NFG-BSC.pdf","False","","False","","False","","True","Report.BCP.C915194.2010-03-24.PRR.pdf | Report.BCP.C915194.2011-07-01.PRR.pdf | Report.BCP.C915194.2012-07-01.PRR.pdf | Report.BCP.C915194.2013-06-02.PRR.pdf | Report.BCP.C915194.2014-07-07.Periodic Review Report.pdf | Report.BCP.C915194.2014-07-09.PRR.pdf | Report.BCP.C915194.2015-06-12.257_W_Genesee_PRR_IC-EC_Certification.pdf | Report.BCP.C915194.2016-07-07.PRR - 2015.pdf | Report.BCP.C915194.2017-06-15.Former_Buffalo_Service_Center-PRR_and_IC-EC_Certification.pdf | Report.BCP.C915194.2018-06-27.Former_Buffalo_Service_Center-PRR_and_IC-EC_Certification.pdf | Report.BCP.C915194.2019-07-01.PRR-2018.pdf","Application.BCP.C915194.2005-06-03.BCP_Appln_BSC.pdf | Application.BCP.C915194.2005-06-03.BCP_Appln_BURA_West.pdf | Application.BCP.C915194.2006-04-05.APPLICATION_FOR_AMENDMENT.pdf","Fact Sheet.BCP.C915194.2005-06-01.Gas_Works.pdf | Fact Sheet.BCP.C915194.2005-06-01.NFG-BSC.pdf | Fact Sheet.BCP.C915194.2005-09-01.Fact_Sheet_2.pdf | Fact Sheet.BCP.C915194.2005-11-01.NFG-BSC.pdf | Fact Sheet.BCP.C915194.2006-07-28.PressRelease.pdf | Fact Sheet.BCP.C915194.2006-08-01.NFG-BSC.pdf | Fact Sheet.BCP.C915194.2006-12-01.COC_NFG-BSC.pdf","available","2026-07-29"
"C915194A","Former Buffalo Service Station - OFF-SITE","Brownfield Cleanup Program","C","249 West Genesee Street","within_500_ft_of_dec_boundary","https://extapps.dec.ny.gov/data/DecDocs/C915194A/","19","False","","True","Decision Document.BCP.C915194A.2016-06-13.PDD 1.pdf | Decision Document.BCP.C915194A.2016-08-26.Site Characterization Report and Decision Document - August 26, 2016.pdf","False","","True","Work Plan.BCP.C915194A.2023-11-01.Site Management Plan.pdf","True","Report.BCP.C915194A.2019-01-31.PRR - 2018.pdf | Report.BCP.C915194A.2020-01-21.PRR - 2019.pdf | Report.BCP.C915194A.2021-01-26.PRR-2020.pdf | Report.BCP.C915194A.2022-01-31.PRR - 2021.pdf","","Fact Sheet.BCP.C915194A.2016-06-13.No Actio FS.pdf","available","2026-07-29"
"C915195","Buffalo Urban Renewal Agency West Property","Brownfield Cleanup Program","C","257 West Genesee Street","within_500_ft_of_dec_boundary","https://extapps.dec.ny.gov/data/DecDocs/C915195/","20","True","Certificate of Completion.BCP.C915195.2006-12-20.COC.pdf | Fact Sheet.BCP.C915195.2006-12-01.2006-12-COC.pdf","False","","False","","True","Report.BCP.C915195.2006-10-02.SMP-final.pdf","True","Report.BCP.C915195.2010-03-24.PRR.pdf | Report.BCP.C915195.2012-07-01.PRR_Revised.pdf | Report.BCP.C915195.2013-06-02.PRR.pdf | Report.BCP.C915195.2014-07-09.PRR_Revised.pdf | Report.BCP.C915195.2015-06-12.257_W_Genesee_PRR_IC-EC_Certification.pdf | Report.BCP.C915195.2016-07-07.PRR - 2015.pdf | Report.BCP.C915195.2017-06-15.BURA_West-PRR_and_IC-EC_Certification.pdf | Report.BCP.C915195.2018-06-27.BURA_West-PRR_and_IC-EC_Certification.pdf | Report.BCP.C915195.2019-07-01.PRR - 2018.pdf","Application.BCP.C915195.2006-04-05.APPLICATION_FOR_AMENDMENT.pdf","Fact Sheet.BCP.C915195.2005-02-01.FactSheet.pdf | Fact Sheet.BCP.C915195.2005-06-01.FactSheet.pdf | Fact Sheet.BCP.C915195.2006-12-01.2006-12-COC.pdf","available","2026-07-29"
"C915203","4 New Seventh Street Site","Brownfield Cleanup Program","C","4 New Seventh Street Site","within_500_ft_of_dec_boundary","https://extapps.dec.ny.gov/data/DecDocs/C915203/","29","True","Certificate of Completion.BCP.C915203.2006-12-01.FilingRecord.pdf | Fact Sheet.BCP.C915203.2006-12-01.COC.pdf","False","","True","Report.BCP.C915203.2006-12-01.Final Engineering Report(IRM).pdf","False","","True","Report.BCP.C915203.2010-03-24.PRR.pdf | Report.BCP.C915203.2011-07-01.PRR.pdf | Report.BCP.C915203.2012-07-01.PRR.pdf | Report.BCP.C915203.2013-06-02.PRR.pdf | Report.BCP.C915203.2014-07-07.Periodic Review Report 2014.pdf | Report.BCP.C915203.2014-07-09.PRR.pdf | Report.BCP.C915203.2015-06-12.257_W_Genesee_PRR_IC-EC_Certification.pdf | Report.BCP.C915203.2016-07-07.PRR - 2015.pdf | Report.BCP.C915203.2017-06-15.257_W_Genesee_PRR_IC-EC_Certification.pdf | Report.BCP.C915203.2018-06-27.257_W_Genesee_PRR_IC-EC_Certification.pdf | Report.BCP.C915203.2019-07-12.PRR - 2018.pdf","Application.BCP.C915203.2006-01-17.FINAL_Version.pdf","Fact Sheet.BCP.C915203.2006-03-01.30dayCmnt.RI-IRM.pdf | Fact Sheet.BCP.C915203.2006-10-01.New7thFactSheetRIReportNoAction10-06.pdf | Fact Sheet.BCP.C915203.2006-12-01.COC.pdf","available","2026-07-29"
"C915208","275 Franklin Street","Brownfield Cleanup Program","C","275 Franklin Street","within_1000_ft_of_dec_boundary","https://extapps.dec.ny.gov/data/DecDocs/C915208/","38","True","Certificate of Completion.BCP.C915208.2017-12-27.Certificate of Completion for Site No. C915208, 275 Franklin Street.pdf","True","Decision Document.BCP.C915208.2013-09-18.Final_Franklin_St_DD.pdf","True","Report.BCP.C915208.2017-10-06.Final Engineering Report.pdf","False","","True","Report.BCP.C915208.2019-05-28.275_Franklin_&_432_Pearl_PRR.pdf | Report.BCP.C915208.2020-06-15.PRR_and_IC-EC_Certification.pdf | Report.BCP.C915208.2021-07-07.PRR_and_IC-EC_Certification.pdf | Report.BCP.C915208.2022-07-11.PRR_and_IC-EC_Certification.pdf | Report.BCP.C915208.2023-06-20.PRR_and_IC-EC_Certification.pdf | Report.BCP.C915208.2024-08-09.PRR_and_IC-EC_Certification.pdf | Report.BCP.C915208.2025-08-13.PRR_and_IC-EC_Certification.pdf","Application.BCP.C915208.2006-07-14.Citizen_Participation_Plan.pdf | Application.BCP.C915208.2006-07-14.QAPP.pdf | Application.BCP.C915208.2006-07-14.revised_bcp.pdf | Application.BCP.C915208.2006-07-14.RI_Work_Plan.pdf | Application.BCP.C915208.2007-06-29.BCP_Application_Amendment.pdf","Fact Sheet.BCP.C915208.2006-07-26.Intitial_Public_Notice_Fact_Sheet.pdf | Fact Sheet.BCP.C915208.2008-03-03.Draft_Franklin_St_RI_Report.pdf | Fact Sheet.BCP.C915208.2008-09-02.IRM_cleanup_start.pdf | Fact Sheet.BCP.C915208.2013-07-29.275FranklinStreet_PDD.pdf | Fact Sheet.BCP.C915208.2018-01-30.Cleanup_Requirements_Achieved_and_Certified.pdf","available","2026-07-29"
"C915208A","275 Franklin Street - OFF-SITE","Brownfield Cleanup Program","A","275 Franklin Street","within_1000_ft_of_dec_boundary","https://extapps.dec.ny.gov/data/DecDocs/C915208A/","6","False","","True","Report.BCP.C915208A.2013-07-29.275_Franklin_St_Proposed_Decision_Document.pdf | Report.BCP.C915208A.2013-07-29.432_Pearl_St_Proposed_Decision_Document.pdf","False","","False","","False","","","","available","2026-07-29"
"C915210","Hertel Warehouse Site","Brownfield Cleanup Program","N","373 Hertel Avenue","within_1000_ft_of_dec_boundary","https://extapps.dec.ny.gov/data/DecDocs/C915210/","3","False","","False","","False","","False","","False","","Application.BCP.C915210.2015-12-16.Complete BCP Application.pdf | Report.BCP.C915210.2012-09-07.Phase II.pdf","","available","2026-07-29"
"C915211","NOCO #S41","Brownfield Cleanup Program","C","1055 Genesee Street","within_500_ft_of_dec_boundary","https://extapps.dec.ny.gov/data/DecDocs/C915211/","21","True","Certificate of Completion.BCP.C915211.2009-12-30.COC_NOCO_Express_S41.pdf | Fact Sheet.BCP.C915211.2010-02-02.Certificate_of_completion_fact_sheet.pdf","False","","True","Report.BCP.C915211.2009-12-11.Final_FER.pdf","True","Report.BCP.C915211.2009-12-11.Final_Site Management_Plan.pdf | Work Plan.BCP.C915211.2021-06-30.Revised_SMP.pdf","True","Report.BCP.C915211.2011-12-07.PRRandIC-ECCertification.pdf | Report.BCP.C915211.2013-04-05.PRRandIC-ECCertification.pdf | Report.BCP.C915211.2014-04-02.PRRandIC-ECCertification.pdf | Report.BCP.C915211.2017-11-09.PRR.pdf | Report.BCP.C915211.2018-01-17.PRR_w_Revised_IC-EC_Cert.pdf | Report.BCP.C915211.2021-01-27.PRR_and_IC-EC_Certification.pdf","Application.BCP.C915211.2007-04-25.FINAL.pdf","Fact Sheet.BCP.C915211.2007-11-27.RI_IRM_WP.pdf | Fact Sheet.BCP.C915211.2009-10-28.RI_IRM_AA_Report.pdf | Fact Sheet.BCP.C915211.2010-02-02.Certificate_of_completion_fact_sheet.pdf","available","2026-07-29"
"C915214","200 Delaware Ave Project","Brownfield Cleanup Program","N","200 Delaware Ave","within_500_ft_of_dec_boundary","https://extapps.dec.ny.gov/data/DecDocs/C915214/","5","False","","False","","False","","False","","False","","Application.BCP.C915214.2007-06-26.BCP_Application_Complete.pdf | Application.BCP.C915214.2007-06-26.BCP_Appln_Revisions.pdf","Fact Sheet.BCP.C915214.2007-07-04.ENBnotice.pdf","available","2026-07-29"
"C915220","Former Pierce Arrow Manufacturing Site","Brownfield Cleanup Program","N","255 Great Arrow Way","within_500_ft_of_dec_boundary","https://extapps.dec.ny.gov/data/DecDocs/C915220/","5","False","","False","","False","","False","","False","","Application.BCP.C915220.2007-08-23.BCP_Application.pdf | Application.BCP.C915220.2007-09-21.BCP_Application_SupplementalInformation.pdf","Fact Sheet.BCP.C915220.2008-01-11.RIWP.pdf","available","2026-07-29"
"C915237","432 Pearl Street","Brownfield Cleanup Program","C","432 Pearl Street","within_500_ft_of_dec_boundary","https://extapps.dec.ny.gov/data/DecDocs/C915237/","21","True","Certificate of Completion.BCP.C915237.2017-12-28.Certificate of Completion for Site No. C915237, 432 Pearl Street Site.pdf","True","Decision Document.BCP.C915237.2013-09-01.Final_Pearl_St_DD.pdf","True","Report.BCP.C915237.2017-10-06.Final Engineering Report.pdf","False","","True","Report.BCP.C915237.2019-05-28.275_Franklin_&_432_Pearl_PRR.pdf | Report.BCP.C915237.2020-06-15.PRR_and_IC-EC_Certification.pdf | Report.BCP.C915237.2021-07-07.PRR_and_IC-EC_Certification.pdf | Report.BCP.C915237.2022-07-11.PRR_and_IC-EC_Certification.pdf | Report.BCP.C915237.2023-06-20.PRR_and_IC-EC_Certification.pdf | Report.BCP.C915237.2024-08-09.PRR_and_IC-EC_Certification.pdf | Report.BCP.C915237.2025-08-13.PRR_and_IC-EC_Certification.pdf","Application.BCP.C915237.2010-07-08.Amendment_from_275_Franklin_Street.pdf","Fact Sheet.BCP.C915237.2013-07-29.432_Pearl_Street_PDD.pdf | Fact Sheet.BCP.C915237.2018-01-30.Cleanup_Requirements_Achieved_and_Certified.pdf","available","2026-07-29"
"C915242","295 Maryland Street","Brownfield Cleanup Program","C","289 & 291 Maryland Street and 97 & 129 West Avenue","within_1000_ft_of_dec_boundary","https://extapps.dec.ny.gov/data/DecDocs/C915242/","25","True","Certificate of Completion.BCP.C915242.2017-01-12.Revised COC for 295 Maryland Street.pdf","True","Decision Document.BCP.C915242.2015-04-16.Decision Doccument - RAWP.pdf","True","Report.BCP.C915242.2016-11-15.FER 295 Maryland St.pdf","True","Report.BCP.C915242.2015-11-01.Final_SMP.pdf | Report.BCP.C915242.2022-03-29.Revised_SMP_Errata_Sheet.pdf","True","Report.BCP.C915242.2018-05-14.PRR_and_IC-EC_Certification.pdf | Report.BCP.C915242.2019-07-11.PRR_and_IC-EC_Certification.pdf | Report.BCP.C915242.2020-05-14.PRR_and_IC-EC_Certification.pdf | Report.BCP.C915242.2021-09-16.PRR_and_IC-EC_Certification.pdf | Report.BCP.C915242.2024-08-15.PRR_and_IC-EC_Certification.pdf","Application.BCP.C915242.2011-03-29.BCP_Application_-_Complete.pdf","Fact Sheet.BCP.C915242.2011-07-20.IRMworkplan.pdf | Fact Sheet.BCP.C915242.2015-01-22.Remedy Proposed for Brownfield Site Contamination; Public Comment Period Announced.pdf | Fact Sheet.BCP.C915242.2017-01-02.January_2017_Fact_Sheet.pdf","available","2026-07-29"
"C915268","154 South Ogden Street Site","Brownfield Cleanup Program","C","154 South Ogden","point_inside_dec_boundary","https://extapps.dec.ny.gov/data/DecDocs/C915268/","22","True","Certificate of Completion.BCP.C915268.2014-12-18.Executed Certificate of Completion.pdf","True","Decision Document.BCP.C915268.2014-07-22.Final Decision Doccument.pdf","True","Report.BCP.C915268.2014-11-14.154 South Ogden Final Engineering Report.pdf","True","Report.BCP.C915268.2014-09-25.Final Site Management Plan.pdf","True","Report.BCP.C915268.2016-01-29.2015_PRR.pdf | Report.BCP.C915268.2017-06-15.PRR_and_IC-EC_Certification.pdf | Report.BCP.C915268.2018-07-06.PRR_and_IC-EC_Certification.pdf | Report.BCP.C915268.2019-07-12.PRR_and_IC-EC_Certification.pdf","Application.BCP.C915268.2012-08-29.Final_BCP_Application_and_Supporting_Documentation.pdf | Report.BCP.C915268.2012-03-12.Phase_II.pdf","Fact Sheet.BCP.C915268.2012-09-05.ENB_Public_Notice.pdf | Fact Sheet.BCP.C915268.2013-04-02.comment_period.pdf | Fact Sheet.BCP.C915268.2014-06-01.154 South Ogden Remedy Proposed Public Comment Period June 2014.pdf | Fact Sheet.BCP.C915268.2014-11-17.Cleanup Action Completed at Brownfield Site.pdf | Fact Sheet.BCP.C915268.2015-01-01.DEC Certifies Cleanup Requirements Acheived at Brownfield Site.pdf","available","2026-07-29"
"C915271","250 Delaware Avenue Site","Brownfield Cleanup Program","C","250 Delaware Avenue","within_500_ft_of_dec_boundary","https://extapps.dec.ny.gov/data/DecDocs/C915271/","15","False","","True","Decision Document.BCP.C915271.2014-12-16.Remedial Work Plan and Decision Document - December 16, 2014.pdf","True","Report.BCP.C915271.2014-12-01.Final Engineering Report Volume 1.pdf | Report.BCP.C915271.2014-12-01.Final Engineering Report Volume 2.pdf | Report.BCP.C915271.2014-12-01.Final Engineering Report Volume 3.pdf | Report.BCP.C915271.2014-12-01.Final Engineering Report Volume 4.pdf | Report.BCP.C915271.2014-12-01.Final Engineering Report Volume 5.pdf | Report.BCP.C915271.2014-12-01.Final Engineering Report Volume 6.pdf","False","","False","","Application.BCP.C915271.2012-12-18.Remedial_Investigation_and_IRM_Work_Plan_-_December_2012.pdf | Application.BCP.C915271.2013-01-31.BCP_Application_-_Final.pdf | Application.BCP.C915271.2014-11-18.Executed_Name_Change_BCA_Amendment.pdf","Fact Sheet.BCP.C915271.2014-08-01.Report Recommends No Further Action at Brownfield Site.pdf | Fact Sheet.BCP.C915271.2015-02-02.DEC Certifies Cleanup Requirements Achieved at Brownfield Site.pdf","available","2026-07-29"
"C915277","1050-1088 Niagara Street Site","Brownfield Cleanup Program","C","1050-1088 Niagara Street","within_1000_ft_of_dec_boundary","https://extapps.dec.ny.gov/data/DecDocs/C915277/","25","True","Certificate of Completion.BCP.C915277.2017-12-29.Certificate of Completion for Site No. C915277, 1050-1088 Niagara Street Site.pdf | Fact Sheet.BCP.C915277.2018-02-02.COC_Cleanup_Requirements_Achieved-Certified.pdf","True","Decision Document.BCP.C915277.2016-12-15.RI_AA Report and Decision Document - December 15, 2016.pdf","True","Report.BCP.C915277.2017-12-28.Final Engineering Report.pdf","True","Work Plan.BCP.C915277.2017-12-28.Site Management Plan.pdf","True","Report.BCP.C915277.2019-08-05.PRR_and_IC-EC_Certification.pdf | Report.BCP.C915277.2020-08-25.PRR_and_IC-EC_Certification.pdf | Report.BCP.C915277.2022-01-04.PRR_and_IC-EC_Certification.pdf | Report.BCP.C915277.2022-11-10.PRR_and_IC-EC_Certification.pdf | Report.BCP.C915277.2023-10-17.PRR_and_IC-EC_Certification.pdf | Report.BCP.C915277.2025-06-23.Revised_2024_PRR.pdf","Application.BCP.C915277.2013-06-21.BCP_Application_Complete.pdf | Report.BCP.C915277.2013-03-28.PHASE_II_REPORT.pdf","Fact Sheet.BCP.C915277.2013-12-01.RI-IRM_Workplan_for_Comment.pdf | Fact Sheet.BCP.C915277.2015-08-17.1050-1088_Niagara_St_Site_Cleanup_Proposed.pdf | Fact Sheet.BCP.C915277.2018-02-02.COC_Cleanup_Requirements_Achieved-Certified.pdf","available","2026-07-29"
"C915279","1827 Fillmore Avenue","Brownfield Cleanup Program","C","1827 Fillmore Avenue","within_500_ft_of_dec_boundary","https://extapps.dec.ny.gov/data/DecDocs/C915279/","50","True","Certificate of Completion.BCP.C915279.2019-12-23.Executed_COC.pdf","True","Decision Document.BCP.C915279.2019-03-27.signed_Decision_Document.pdf","True","Report.BCP.C915279.2019-12-12.FINAL_ENGINEERING_REPORT.pdf | Report.BCP.C915279.2019-12-13.FINAL_ENGINEERING_REPORT-APPENDICES.pdf","True","Work Plan.BCP.C915279.2019-11-14.Site_Management_Plan_November_2019_FINAL..pdf | Work Plan.BCP.C915279.2025-02-03.SMP_Errata_Sheet.pdf","True","Report.BCP.C915279.2021-06-22.PRR_and_IC-EC_Certification.pdf | Report.BCP.C915279.2022-05-09.PRR_and_IC-EC_Certification.pdf | Report.BCP.C915279.2023-04-10.PRR_and_IC-EC_Certification.pdf | Report.BCP.C915279.2024-05-13.PRR_and_IC-EC_Certification.pdf","Application.BCP.C915279.2017-08-18.BCP_Application_without_Attachment_8-Previous_Studies.pdf | Application.BCP.C915279.2017-08-18.Previous Studies 1 - Phase I EA - March 2008.pdf | Application.BCP.C915279.2017-08-18.Previous Studies 2 - Miscellaneous Documents Provided to Benchmark.pdf | Application.BCP.C915279.2017-08-18.Previous Studies 3 - Post Remediation Hazardous Material Inspection - January 2010.pdf | Application.BCP.C915279.2017-08-18.Previous Studies 4 - Pre-Demolition Asbestos Assessment - March 2010.pdf | Application.BCP.C915279.2017-08-18.Previous Studies 5 - USEPA Compliance Order - September 2011.pdf | Application.BCP.C915279.2017-08-18.Previous Studies 6 - Stohl Surveys and Sampling of Surface Materials - Sept 2011 and Oct 2011.pdf | Application.BCP.C915279.2017-08-18.Previous Studies 7 - Work Plan for EPA Consent Order - February 2012.pdf | Application.BCP.C915279.2017-08-18.Previous Studies 8 - BCP Application - May 2013.pdf | Application.BCP.C915279.2017-08-18.Previous Studies 9 - MS Analytical Subsurface Soil Investigation - August 2013.pdf | Application.BCP.C915279.2017-08-18.Previous Studies 10 - EPA Compliance Summary Report for Asbestos Abatement - October 2014.pdf | Application.BCP.C915279.2017-08-18.Previous Studies 11 - Approved BCP Application and CP Plan - May 2015.pdf | Application.BCP.C915279.2017-08-18.Previous Studies 12 - Phase I ESA - July 2017.pdf | Application.BCP.C915279.2019-08-26.Application to Amend - Amendment #1.pdf | Report.BCP.C915279.2017-07-01.Phase I ESA - July 2017.pdf | Work Plan.BCP.C915279.2017-11-13.RI_Work_Plan-FINAL-Appendix_B8-BCP_Application-May_2013.pdf | Work Plan.BCP.C915279.2017-11-13.RI_Work_Plan-FINAL-Appendix_B11-Approved_BCP_Application_and_CP_Plan-May 2015.pdf | Work Plan.BCP.C915279.2017-11-13.RI_Work_Plan-FINAL-Appendix_B12-Phase_I_ESA-July_2017.pdf","Fact Sheet.BCP.C915279.2019-02-04.remedy_proposed_-1827_Fillmore_Ave .pdf","available","2026-07-29"
"C915282","73-79 W. Huron St.","Brownfield Cleanup Program","C","73-79 W. Huron St.","point_inside_dec_boundary","https://extapps.dec.ny.gov/data/DecDocs/C915282/","30","True","Certificate of Completion.BCP.C915282.2017-12-28.Certificate of Completion for Site No. C915282, 73-79 W. Huron St. Site.pdf | Certificate of Completion.BCP.C915282.2018-01-09.Filed_Notice_of_COC.pdf | Certificate of Completion.BCP.C915282.2018-01-22.Filed Notice of Transfer of CoC.pdf","True","Decision Document.BCP.C915282.2017-11-22.Remedial Work Plan and Decision Document - November 22, 2017.pdf","True","Certificate of Completion.BCP.C915282.2018-01-22.Filed Notice of Transfer of CoC.pdf | Report.BCP.C915282.2017-12-01.FINAL Hurondel FER (110617) FULL VERSION.pdf","True","Work Plan.BCP.C915282.2021-10-02.Revised_SMP.pdf | Work Plan.BCP.C915282.2022-12-06.SMP_Errata_Sheet.pdf","True","Report.BCP.C915282.2019-05-23.2019_Periodic_Review.pdf | Report.BCP.C915282.2020-06-29.PRR_and_IC-EC_Certification.pdf | Report.BCP.C915282.2021-07-06.PRR_and_IC-EC_Certification.pdf | Report.BCP.C915282.2022-08-02.PRR_and_IC-EC_Certification.pdf | Report.BCP.C915282.2023-07-14.PRR_and_IC-EC_Certification.pdf | Report.BCP.C915282.2025-01-13.Revised_2024_PRR.pdf | Report.BCP.C915282.2025-08-15.Revised_2025_PRR.pdf | Report.BCP.C915282.2026-07-13.2026_Revised_PRR.pdf","Application.BCP.C915282.2013-10-02.BCP Application - Attachment G.pdf | Application.BCP.C915282.2013-10-02.BCP Application and Attachments A - F.pdf","Fact Sheet.BCP.C915282.2015-01-20.RI work plan available for public comment.pdf | Fact Sheet.BCP.C915282.2015-01-27.Interim Remedial Measure To Begin at Brownfield Site.pdf | Fact Sheet.BCP.C915282.2017-06-21.Proposed Remedy.pdf | Fact Sheet.BCP.C915282.2018-01-24.Requirements to Address Contamination Met and Certified .pdf","available","2026-07-29"
"C915283","89 LaSalle Avenue Site","Brownfield Cleanup Program","C","89 LaSalle Avenue","within_1000_ft_of_dec_boundary","https://extapps.dec.ny.gov/data/DecDocs/C915283/","28","True","Certificate of Completion.BCP.C915283.2015-12-29.COC.pdf | Fact Sheet.BCP.C915283.2016-01-14.Cleanup Requirements Achieved COC.pdf","False","","True","Report.BCP.C915283.2015-12-16.Final Engineering Report.pdf","True","Work Plan.BCP.C915283.2015-12-16.Site Management Plan.pdf | Work Plan.BCP.C915283.2025-08-05.Revised_SMP.pdf","True","Report.BCP, BCP.C915283, C915283.2026-04-28.2026_PRR.pdf | Report.BCP.C915283.2018-04-26.Periodic Review 2018.pdf | Report.BCP.C915283.2019-04-30.Periodic_Review_2019.pdf | Report.BCP.C915283.2020-04-17.Periodic_Review--2019-2020.pdf | Report.BCP.C915283.2021-06-24.PRR_and_IC-EC_Certification.pdf | Report.BCP.C915283.2022-06-16.PRR_and_IC-EC_Certification.pdf | Report.BCP.C915283.2023-07-26.PRR_and_IC-EC_Certification.pdf | Report.BCP.C915283.2024-12-06.2024_Revised_PRR.pdf | Report.BCP.C915283.2025-08-05.Revised_2025_PRR.pdf","Application.BCP.C915283.2013-09-26.revised_complete_BCP_Application_with_supporting_documents.pdf | Application.BCP.C915283.2015-07-24.Complete BCA Amendment Application.pdf | Report.BCP.C915283.1986-03-01.Phase_I_Investigation.pdf | Report.BCP.C915283.1991-04-01.Phase_II_Investigation.pdf","Fact Sheet.BCP.C915283.2014-03-31.ri_public_comment.pdf | Fact Sheet.BCP.C915283.2015-02-19.Remedy Proposed - Public Comment Period Announced.pdf | Fact Sheet.BCP.C915283.2016-01-14.Cleanup Requirements Achieved COC.pdf","available","2026-07-29"
"C915294","Pilgrim Village Redevelopment/Campus Square","Brownfield Cleanup Program","A","903 Ellicott Street","within_1000_ft_of_dec_boundary","https://extapps.dec.ny.gov/data/DecDocs/C915294/","1","False","","False","","False","","False","","False","","","","available","2026-07-29"
"C915302","1360 Niagara Street","Brownfield Cleanup Program","C","1336, 1340 and 1360 Niagara Street","within_1000_ft_of_dec_boundary","https://extapps.dec.ny.gov/data/DecDocs/C915302/","15","True","Certificate of Completion.BCP.C915302.2017-12-29.Certificate of Completion for Site No. C915302, 1360 Niagara Street.pdf | Fact Sheet.BCP.C915302.2018-01-22.Fact Sheet COC.pdf","True","Decision Document.BCP.C915302.2017-12-20.Remedial Investigation and Decision Document - December 20, 2017.pdf","True","Report.BCP.C915302.2017-11-29.Final Engineering Report - 1360 Niagara St.pdf","False","","False","","Application.BCP.C915302.2016-03-15.BCP Application - Complete.pdf | Application.BCP.C915302.2017-10-04.Complete BCA Amendment Application.pdf | Report.BCP.C915302.2015-12-31.Phase I-II Environmental Site Assessment - September 2015.pdf","Fact Sheet.BCP.C915302.2017-02-14.Fact Sheet - RI IRM  X45 Day.pdf | Fact Sheet.BCP.C915302.2017-11-25.Fact Sheet - No Further Action.pdf | Fact Sheet.BCP.C915302.2018-01-22.Fact Sheet COC.pdf","available","2026-07-29"
"C915309","Silos at Elk Street Site","Brownfield Cleanup Program","C","50 Elk Street","within_1000_ft_of_dec_boundary","https://extapps.dec.ny.gov/data/DecDocs/C915309/","21","True","Certificate of Completion.BCP.C915309.2017-12-28.Certificate of Completion for Site No. C915309, Silos at Elk Street Site.pdf","True","Decision Document.BCP.C915309.2017-11-09.Decision Document - November 9, 2017.pdf","True","Report.BCP.C915309.2017-12-07.FER FULL VERSION.pdf","True","Work Plan.BCP.C915309.2018-02-13.Final_SMP.pdf | Work Plan.BCP.C915309.2025-03-17.SMP_Errata_Sheet.pdf","True","Report.BCP.C915309.2019-05-28.PRR_and_IC-EC_Certification.pdf | Report.BCP.C915309.2022-06-10.PRR_and_IC-EC_Certification.pdf | Report.BCP.C915309.2025-05-19.2025_PRR.pdf","Application.BCP.C915309.2016-08-01.Phase I ESA Report.pdf | Application.BCP.C915309.2016-08-05.Phase II Letter Report.pdf | Application.BCP.C915309.2016-12-06.Complete BCP Application.pdf | Report.BCP.C915309.2016-08-01.Silos at 50 Elk Street Site Phase I ESA.pdf","Fact Sheet.BCP.C915309.2016-12-14.Public comment BCP & Draft Investigation Plan.pdf | Fact Sheet.BCP.C915309.2017-08-02.Fact Sheet - Public comment End 9_15_17.pdf | Fact Sheet.BCP.C915309.2018-01-16.Cleanup Requirements Achieved and Certified.pdf","available","2026-07-29"
"C915312","Pierce Arrow Business Center","Brownfield Cleanup Program","C","155-157 Chandler Street","within_1000_ft_of_dec_boundary","https://extapps.dec.ny.gov/data/DecDocs/C915312/","31","True","Certificate of Completion.BCP.C915312.2017-12-27.Certificate of Completion for Site No. C915312, Pierce Arrow Business Center.pdf | Fact Sheet.BCP.C915312.2018-01-17.COC Issued.pdf","True","Decision Document.BCP.C915312.2017-12-19.Decision Document.pdf","True","Report.BCP.C915312.2017-12-14.Final Engineering Report.pdf","True","Report.BCP.C915312.2017-12-14.Site Management Plan.pdf","True","Report.BCP.C915312.2019-04-26.PRR-2018.pdf | Report.BCP.C915312.2020-05-13.PRR_and_IC-EC_Certification.pdf | Report.BCP.C915312.2021-07-16.PRR_and_IC-EC_Certification.pdf | Report.BCP.C915312.2022-08-16.PRR_and_IC-EC_Certification.pdf | Report.BCP.C915312.2023-07-13.PRR_and_IC-EC_Certification.pdf | Report.BCP.C915312.2024-11-15.PRR_and_IC-EC_Certification.pdf | Report.BCP.C915312.2025-09-10.PRR_and_IC-EC_Certification.pdf","Application.BCP.C915312.2016-12-29.Complet BCP Application.pdf | Application.BCP.C915312.2017-09-08.Complete BCA Amendment Application.pdf","Fact Sheet.BCP.C915312.2017-07-03.Fact Sheet - IRM.pdf | Fact Sheet.BCP.C915312.2017-10-25.Fact Sheet-NFA.pdf | Fact Sheet.BCP.C915312.2018-01-17.COC Issued.pdf","available","2026-07-29"
"C915313","990 Niagara Street","Brownfield Cleanup Program","A","990 NIAGARA STREET","within_1000_ft_of_dec_boundary","https://extapps.dec.ny.gov/data/DecDocs/C915313/","8","False","","True","Decision Document.BCP.C915313.2019-07-12.Decision Document - July 12, 2019.pdf","False","","False","","False","","Application.BCP.C915313.1997-11-03.Phase I ESA Report.pdf | Application.BCP.C915313.2017-01-06.Complete BCP Application.pdf","Fact Sheet.BCP.C915313.2019-04-01.RI_AAR_Factsheet.pdf","available","2026-07-29"
"C915314","MOD-PAC CORP.","Brownfield Cleanup Program","C","1801 Elmwood Avenue","within_1000_ft_of_dec_boundary","https://extapps.dec.ny.gov/data/DecDocs/C915314/","47","True","Certificate of Completion.BCP.C915314.2019-12-24.Executed COC.pdf","True","Decision Document.BCP.C915314.2019-07-26.Decision Document - July 26, 2019.pdf","True","Report.BCP.C915314.2019-12-13.Final_FER.pdf","True","Work Plan.BCP.C915314.2022-03-08.Revised_SMP.pdf","True","Report.BCP.C915314.2021-08-20.PRR_and_IC-EC_Certification.pdf | Report.BCP.C915314.2022-08-29.PRR_and_IC-EC_Certification.pdf | Report.BCP.C915314.2023-08-23.PRR_and_IC-EC_Certification.pdf | Report.BCP.C915314.2025-02-19.PRR_and_IC-EC_Certification.pdf | Report.BCP.C915314.2026-05-21.2026_PRR.pdf","Application.BCP.C915314.2017-04-19.Complete Application.pdf | Application.BCP.C915314.2019-01-02.Complete_BCA_Amendment_ Application_#1.pdf | Application.BCP.C915314.2019-01-02.Transmittal_Complete_BCA_Amendment_ Application_#2.pdf | Application.BCP.C915314.2019-08-28.Amendment_No3_merge_parcels.pdf | Report.BCP.C915314.2015-01-01.Environmental Reports submitted with application.pdf","","available","2026-07-29"
"C915317","Jefferson Avenue Apartments","Brownfield Cleanup Program","C","1140 & 1162 Jefferson Avenue","within_1000_ft_of_dec_boundary","https://extapps.dec.ny.gov/data/DecDocs/C915317/","7","True","Fact Sheet.BCP.C915317.2019-01-09.COC Issued.pdf","True","Decision Document.BCP.C915317.2018-08-28.Decision Document.pdf","True","Fact Sheet.BCP.C915317.2018-12-05.FER Available Notice.pdf | Report.BCP.C915317.2018-12-12.Final FER.pdf","False","","False","","","Fact Sheet.BCP.C915317.2018-06-27.RI-AAR Factsheet.pdf | Fact Sheet.BCP.C915317.2018-12-05.FER Available Notice.pdf | Fact Sheet.BCP.C915317.2019-01-09.COC Issued.pdf","available","2026-07-29"
"C915318","Main and Hertel","Brownfield Cleanup Program","C","2929-2939 Main Street","within_500_ft_of_dec_boundary","https://extapps.dec.ny.gov/data/DecDocs/C915318/","22","True","Certificate of Completion.BCP.C915318.2024-12-23.Main_and_Hertel.pdf","True","Decision Document.BCP.C915318.2022-06-14.DD_Final.pdf","True","Agreement.BCP.C915318.2022-08-04.Executed BCA Amendment No. 1 - Transfer Title .pdf | Report.BCP.C915318.2024-12-11.Final Engineering Report.pdf","True","Work Plan.BCP.C915318.2024-12-06.Site Management Plan.pdf","False","","Application.BCP.C915318.2014-12-31.Phase I Report.pdf | Application.BCP.C915318.2017-01-12.Phase II Report.pdf | Application.BCP.C915318.2017-05-02.Complete BCP Application.pdf","Fact Sheet.BCP.C915318.2017-11-08.draft_RI_workplan.pdf | Fact Sheet.BCP.C915318.2018-06-06.RI-AAR.pdf | Fact Sheet.BCP.C915318.2022-03-02.Proposed_remedy.pdf | Fact Sheet.BCP.C915318.2024-11-27.Cleanup Action Completed.pdf","available","2026-07-29"
"C915318A","Main and Hertel - Off-Site","Brownfield Cleanup Program","A","2929-2939 Main Street","within_500_ft_of_dec_boundary","https://extapps.dec.ny.gov/data/DecDocs/C915318A/","0","False","","False","","False","","False","","False","","","","unavailable: The remote server returned an error: (404) Not Found.","2026-07-29"
"C915320","166 Chandler Street","Brownfield Cleanup Program","C","166 Chandler Street","within_1000_ft_of_dec_boundary","https://extapps.dec.ny.gov/data/DecDocs/C915320/","16","True","Certificate of Completion.BCP.C915320.2018-12-20.COC.pdf | Fact Sheet.BCP.C915320.2019-01-10.COC Issued.pdf","True","Decision Document.BCP.C915320.2018-12-13.Decision Document.pdf","True","Fact Sheet.BCP.C915320.2018-12-26.FER.pdf | Report.BCP.C915320.2018-12-18.Final Engineering Report.pdf","True","Report.BCP.C915320.2022-03-11.Revised_SMP.pdf","True","Report.BCP.C915320.2020-08-17.PRR_and_IC-EC_Certification.pdf | Report.BCP.C915320.2021-06-10.PRR_and_IC-EC_Certification.pdf | Report.BCP.C915320.2022-05-20.PRR_and_IC-EC_Certification.pdf","Application.BCP.C915320.2017-06-15.Complete Application.pdf","Fact Sheet.BCP.C915320.2018-02-21.Fact Sheet--RI-IRM-AAR.pdf | Fact Sheet.BCP.C915320.2018-10-01.October_2018_Fact_Sheet.pdf | Fact Sheet.BCP.C915320.2018-12-26.FER.pdf | Fact Sheet.BCP.C915320.2019-01-10.COC Issued.pdf","available","2026-07-29"
"C915323","25 Rano Street Site","Brownfield Cleanup Program","A","25 Rano Street","within_1000_ft_of_dec_boundary","https://extapps.dec.ny.gov/data/DecDocs/C915323/","3","False","","False","","False","","False","","False","","","Fact Sheet.BCP.C915323.2018-01-24.Fact Sheet Rano Street  Draft RI Work Plan.pdf","available","2026-07-29"
"C915326","157 Great Arrow Avenue","Brownfield Cleanup Program","A","157 Great Arrow Avenue","within_500_ft_of_dec_boundary","https://extapps.dec.ny.gov/data/DecDocs/C915326/","7","False","","False","","False","","False","","False","","Application.BCP.C915326.2004-08-25.Limited and Subsurface Soil Investigation-spill 04-05987 (2 of 2)).pdf | Application.BCP.C915326.2004-09-08.Limited and Subsurface Soil Investigation-spill 04-05987 (1 of 2)).pdf | Application.BCP.C915326.2017-07-26.Subsurface Investigation Report.pdf | Application.BCP.C915326.2017-11-14.Complete BCP Application.pdf","","available","2026-07-29"
"C915340","240 - 260 Lakefront Boulevard Site","Brownfield Cleanup Program","C","240 Lakefront Boulevard","within_1000_ft_of_dec_boundary","https://extapps.dec.ny.gov/data/DecDocs/C915340/","26","True","Certificate of Completion.BCP.C915340.2020-08-04.Executed COC.pdf","True","Decision Document.BCP.C915340.2020-05-19.Decision Document.pdf","True","Report.BCP.C915340.2020-07-15.Final_Engineering_Report.pdf | Report.BCP.C915340.2022-02-25.Revised_FER.pdf","True","Report.BCP.C915340.2020-07-15.Site Management Plan - Final.pdf","True","Report.BCP.C915340.2022-01-26.PRR_and_IC-EC_Certification.pdf | Report.BCP.C915340.2023-02-16.PRR_and_IC-EC_Certification.pdf | Report.BCP.C915340.2024-02-21.PRR_and_IC-EC_Certification.pdf | Report.BCP.C915340.2025-02-17.PRR_and_IC-EC_Certification.pdf | Report.BCP.C915340.2026-03-17.PRR_and_IC-EC_Certification.pdf","Application.BCP.C915340.2018-11-21.Complete BCP Application.pdf | Application.BCP.C915340.2019-03-19.Complete Amendment Application-Corrected.pdf | Application.BCP.C915340.2019-08-21.Application - Amendment#2.pdf | Report.BCP.C915340.2017-12-01.Phase I ESA Report.pdf | Report.BCP.C915340.2018-11-01.Phase II ESA Report.pdf","","available","2026-07-29"
"C915354","140 Chandler Street","Brownfield Cleanup Program","C","140 Chandler Street","within_1000_ft_of_dec_boundary","https://extapps.dec.ny.gov/data/DecDocs/C915354/","13","True","Certificate of Completion.BCP.C915354.2020-12-30.Executed COC Package .pdf | Fact Sheet.BCP.C915354.2021-01-15.COC Issued.pdf","True","Decision Document.BCP.C915354.2020-12-29.140 Chandler Street Site.pdf","True","Report.BCP.C915354.2020-12-18.Final Engineering Report.pdf","False","","False","","Application.BCP.C915354.2019-10-08.Complete BCP Application.pdf","Fact Sheet.BCP.C915354.2020-01-27.Public Comment-RIWP.pdf | Fact Sheet.BCP.C915354.2020-11-06.NFA- Public Comment.pdf | Fact Sheet.BCP.C915354.2020-12-23.Cleanup Completed.pdf | Fact Sheet.BCP.C915354.2021-01-15.COC Issued.pdf","available","2026-07-29"
"C915358","125 Chandler Street Site","Brownfield Cleanup Program","N","125 Chandler Street","within_1000_ft_of_dec_boundary","https://extapps.dec.ny.gov/data/DecDocs/C915358/","4","False","","False","","False","","False","","False","","Application.BCP.C915358.2020-03-13.BCP Application.pdf","","available","2026-07-29"
"C915362","Former Pilgrim Village Family Apartments","Brownfield Cleanup Program","C","1100 MICHIGAN AVENUE","within_500_ft_of_dec_boundary","https://extapps.dec.ny.gov/data/DecDocs/C915362/","15","True","Certificate of Completion.BCP.C915362.2022-12-27.Executed COC Package .pdf | Fact Sheet.BCP.C915362.2023-01-04.COC Issued.pdf","True","Decision Document.BCP.C915362.2021-05-10.Decision Document.pdf","True","Report.BCP.C915362.2022-12-21.Final Engineering Report_Final.pdf","False","","False","","Application.BCP.C915362.2016-06-30.Phase I Environmental Site Assessment.pdf | Application.BCP.C915362.2019-07-15.Phase II Report.pdf | Application.BCP.C915362.2020-03-01.Environmental Site Assessment Report.pdf | Application.BCP.C915362.2020-05-15.Complete Application.pdf","Fact Sheet.BCP.C915362.2021-03-24.RAWP- Public Comment.pdf | Fact Sheet.BCP.C915362.2023-01-04.COC Issued.pdf","available","2026-07-29"
"C915363","Former Pilgrim Village Senior Apartments","Brownfield Cleanup Program","C","951 Ellicott Street","within_1000_ft_of_dec_boundary","https://extapps.dec.ny.gov/data/DecDocs/C915363/","19","True","Certificate of Completion.BCP.C915363.2022-12-27.Executed COC Package .pdf | Fact Sheet.BCP.C915363.2023-01-04.COC Issued.pdf","True","Decision Document.BCP.C915363.2021-05-10.Decision Document.pdf","True","Fact Sheet.BCP.C915363.2022-12-28.Cleanup Complete-FER Available.pdf | Report.BCP.C915363.2022-12-22.Final Engineering Report_Final.pdf","False","","False","","Application.BCP.C915363.2016-06-30.Phase I Envronmental Site Assessment.pdf | Application.BCP.C915363.2019-07-15.Phase II Report.pdf | Application.BCP.C915363.2020-05-01.Environmental Site Assessment Report.pdf | Application.BCP.C915363.2020-06-12.Complete Application.pdf","Fact Sheet.BCP.C915363.2020-11-25.RIWP - Public Comments.pdf | Fact Sheet.BCP.C915363.2021-03-24.RAWP- Public Comment.pdf | Fact Sheet.BCP.C915363.2022-12-28.Cleanup Complete-FER Available.pdf | Fact Sheet.BCP.C915363.2023-01-04.COC Issued.pdf","available","2026-07-29"
"C915364","1095 Niagara Street Site","Brownfield Cleanup Program","A","1095 Niagara Street","within_1000_ft_of_dec_boundary","https://extapps.dec.ny.gov/data/DecDocs/C915364/","8","False","","False","","False","","False","","False","","Application.BCP.C915364.2008-05-01.Phase I Environmental Site Assessment Report.pdf | Application.BCP.C915364.2008-06-01.Phase II Environmental Investigation Report.pdf | Application.BCP.C915364.2020-07-07.Complete Application.pdf | Report.BCP.C915364.2008-05-15.Phase_I_ESA_Report.pdf","","available","2026-07-29"
"C915366","Ellicott and Oak Streets Site","Brownfield Cleanup Program","A","324, 328, and 334 North Oak St and 441 Ellicott St","within_500_ft_of_dec_boundary","https://extapps.dec.ny.gov/data/DecDocs/C915366/","5","False","","False","","False","","False","","False","","Application.BCP.C915366.2019-12-02.Phase II Evironmental Investigation Report.pdf | Application.BCP.C915366.2020-02-01.Phase I Environmental Site Assessment Report.pdf | Application.BCP.C915366.2020-07-01.Complete Application.pdf | Application.BCP.C915366.2020-09-01.Draft Remedial Investigation Work Plan.pdf","","available","2026-07-29"
"C915369","389 Manhattan Avenue","Brownfield Cleanup Program","A","389 Manhattan Avenue","within_1000_ft_of_dec_boundary","https://extapps.dec.ny.gov/data/DecDocs/C915369/","8","False","","True","Decision Document.BCP.C915369.2026-04-21.Decision Document.pdf","False","","False","","False","","Application.BCP.C915369.2020-07-15.Limited Phase II Site Investigation Report.pdf | Application.BCP.C915369.2020-09-01.Phase I Environmental Site Assessment.pdf | Application.BCP.C915369.2021-01-21.Complete Application.pdf","Fact Sheet.BCP.C915369.2024-09-11.Fact Sheet - Remedy Selected.pdf","available","2026-07-29"
"C915370","156 Chandler Street","Brownfield Cleanup Program","A","156 Chandler Street","within_1000_ft_of_dec_boundary","https://extapps.dec.ny.gov/data/DecDocs/C915370/","7","False","","False","","False","","False","","False","","Application.BCP.C915370.2021-06-01.BCP Application.pdf | Application.BCP.C915370.2021-06-01.BCP_Application_Exhibit_B.pdf | Application.BCP.C915370.2021-06-01.BCP_Application_Exhibit_C.pdf | Application.BCP.C915370.2021-06-01.BCP_Application_Exhibit_D.pdf","","available","2026-07-29"
"C915375","Michigan-Best Development","Brownfield Cleanup Program","C","1145 Michigan Avenue","within_500_ft_of_dec_boundary","https://extapps.dec.ny.gov/data/DecDocs/C915375/","10","True","Certificate of Completion.BCP.C915375.2022-12-29.Executed COC Package .pdf","True","Decision Document.BCP.C915375.2022-12-21.Decision Document.pdf","True","Report.BCP.C915375.2022-12-22.Final Engineering Report.pdf","False","","False","","Application.BCP.C915375.2016-02-25.Phase I Environmental Site Assessment.pdf | Application.BCP.C915375.2021-02-01.Phase II Environmental Investigation Report.pdf | Application.BCP.C915375.2021-03-01.Draft Remedial Investigation-Interim Remedial Measures-Alternatives Analysis Work Plan.pdf | Application.BCP.C915375.2021-03-19.Complete Application.pdf","","available","2026-07-29"
"C915377","Mt. Olive Senior Manor Site","Brownfield Cleanup Program","C","227 Sheridan Avenue","within_1000_ft_of_dec_boundary","https://extapps.dec.ny.gov/data/DecDocs/C915377/","14","False","","True","Decision Document.BCP.C915377.2023-04-11.Decision Document.pdf","True","Report.BCP.C915377.2023-12-27.Final Engineering Report.pdf","True","Work Plan.BCP.C915377.2023-12-27.Site Management Plan.pdf","False","","Application.BCP.C915377.2021-02-08.Geotechnical Engineering Report.pdf | Application.BCP.C915377.2021-03-01.Phase I Environmental Site Assessment.pdf | Application.BCP.C915377.2021-04-01.Limited Phase 2 Environmental Investigation Report.pdf | Application.BCP.C915377.2021-04-23.Complete Application.pdf","","available","2026-07-29"
"C915388","Simon Properties Northeast","Brownfield Cleanup Program","N","264 Oak Street","within_1000_ft_of_dec_boundary","https://extapps.dec.ny.gov/data/DecDocs/C915388/","3","False","","False","","False","","False","","False","","Application.BCP.C915388.2021-11-01.Phase I Environmental Site Assessment.pdf | Application.BCP.C915388.2022-01-01.Subsurface Phase II Environmental Site Assessment.pdf | Application.BCP.C915388.2023-08-16.Complete Application.pdf","","available","2026-07-29"
"C915389","147 West Tupper Street Site","Brownfield Cleanup Program","C","147 West Tupper Street","within_500_ft_of_dec_boundary","https://extapps.dec.ny.gov/data/DecDocs/C915389/","16","True","Certificate of Completion.BCP.C915389.2025-12-23.147_West_Tupper_Street_Site_COC.pdf | Fact Sheet.BCP.C915389.2026-01-05.Certificate of Completion .pdf","True","Decision Document.BCP.C915389.2024-01-16.Final Decision Document.pdf","True","Report.BCP.C915389.2025-12-11.Final Engineering Report .pdf","False","","False","","Application.BCP.C915389.2022-01-26.West Tupper and Trinity- Phase I ESA Final.pdf | Application.BCP.C915389.2022-02-07.Phase II Report-West Tupper & Trinity.pdf | Application.BCP.C915389.2022-07-21.147 West Tupper Street Site - RI Work Plan.pdf | Application.BCP.C915389.2022-07-26.Complete BCP Application .pdf","Fact Sheet.BCP.C915389.2023-11-01.RIAAR_Public_Comment Period.pdf | Fact Sheet.BCP.C915389.2026-01-05.Certificate of Completion .pdf","available","2026-07-29"
"C915391","2101 Kenmore Avenue Site","Brownfield Cleanup Program","C","2101 Kenmore Avenue","within_1000_ft_of_dec_boundary","https://extapps.dec.ny.gov/data/DecDocs/C915391/","17","False","","True","Decision Document.BCP.C915391.2024-12-17.Reissued Decision Document.pdf","True","Report.BCP.C915391.2024-12-30.Final Engineering Report.pdf","True","Report.BCP.C915391.2024-12-30.Site Management Plan.pdf","False","","Application.BCP.C915391.2021-07-27.Analytical Report .pdf | Application.BCP.C915391.2021-07-27.Soil Analytical Results Table.pdf | Application.BCP.C915391.2022-09-23.Complete BCP Application .pdf","Fact Sheet.BCP.C915391.2023-07-14.RIWP Fact Sheet.pdf | Fact Sheet.BCP.C915391.2023-12-13.RI-AAR Fact Sheet.pdf","available","2026-07-29"
"C915400","Jefferson and Best Site","Brownfield Cleanup Program","A","1003 Jefferson Ave, 403-411 Best St, 94-120 Earl","within_500_ft_of_dec_boundary","https://extapps.dec.ny.gov/data/DecDocs/C915400/","6","False","","False","","False","","False","","False","","Application.BCP.C915400.2022-02-22.Phase II Environmental Subsurface Investigation Report.pdf | Application.BCP.C915400.2022-11-16.Supplemental Phase II Evironmental Subsurface Investigation Results.pdf | Application.BCP.C915400.2023-04-24.Geophysical Survey Results.pdf | Application.BCP.C915400.2023-05-01.Supplemental Phase II Environmental Investigation Report.pdf | Application.BCP.C915400.2024-01-30.Revised Complete Application.pdf","","available","2026-07-29"
"C915402","Bailey and Kensington","Brownfield Cleanup Program","N","3074 Bailey Ave; 1096, 1098, & 1102 Kensington Ave","within_1000_ft_of_dec_boundary","https://extapps.dec.ny.gov/data/DecDocs/C915402/","4","False","","False","","False","","False","","False","","Application.BCP.C915402.2022-07-01.Phase I ESA .pdf | Application.BCP.C915402.2022-10-01.Phase II ESA.pdf | Application.BCP.C915402.2023-04-12.Supplemental Phase II Report .pdf | Application.BCP.C915402.2023-11-16.Complete BCP Application .pdf","","available","2026-07-29"
"C915415","Former Pilgrim Village Sublot 3","Brownfield Cleanup Program","A","951 Ellicott Street","within_1000_ft_of_dec_boundary","https://extapps.dec.ny.gov/data/DecDocs/C915415/","8","False","","False","","False","","False","","False","","Application.BCP.C915415.2023-03-03.Phase I - Lots 3, 4 and 5.pdf | Application.BCP.C915415.2023-03-03.Phase II - Lots 3 & 5.pdf | Application.BCP.C915415.2024-06-01.Phase I - Lot 3.pdf | Application.BCP.C915415.2025-05-09.UDS Level 2 Report Final Report .pdf | Application.BCP.C915415.2025-06-01.UDS Level 2 Report Final Report .pdf | Application.BCP.C915415.2025-09-22.Complete BCP Application .pdf","","available","2026-07-29"
"C915421","Voelkers Lanes Apartments","Brownfield Cleanup Program","A","1624, 1628, 1634 Elmwood Ave; 155 Marion St;","within_1000_ft_of_dec_boundary","https://extapps.dec.ny.gov/data/DecDocs/C915421/","9","False","","False","","False","","False","","False","","Application.BCP.C915421.2019-05-01.Phase 1 ESA.pdf | Application.BCP.C915421.2019-07-01.Phase 2 ESA.pdf | Application.BCP.C915421.2023-12-01.Phase 1 ESA.pdf | Application.BCP.C915421.2024-04-01.Phase 2 ESA.pdf | Application.BCP.C915421.2026-02-25.Supplemental Data.pdf | Application.BCP.C915421.2026-05-01.RIWP Draft.pdf | Application.BCP.C915421.2026-05-27.Draft CPP.pdf | Application.BCP.C915421.2026-06-01.Phase 2 ESA.pdf | Application.BCP.C915421.2026-07-09.Complete BCP Application.pdf","","available","2026-07-29"
"E915213","1318 Niagara Street","Environmental Restoration Program ","A","1318 Niagara Street","within_1000_ft_of_dec_boundary","https://extapps.dec.ny.gov/data/DecDocs/E915213/","25","False","","True","Decision Document.ERP.E915213.2025-09-19.1318_Niagara_ESD.pdf | ROD.ERP.E915213.2014-03-26.1318 Niagara Street Record of Decision.pdf | ROD.ERP.E915213.2025-06-30.1318 Niagara ESD.pdf | ROD.ERP.E915213.2025-09-09.1318_Niagara_ESD_Final.pdf","False","","True","Report.ERP.E915213.2021-06-25.1318NiagaraSt_ISMPFinal_Ramboll.pdf","False","","","Fact Sheet.ERP.E915213.2009-09-17.investigation_and IRM begins.pdf | Fact Sheet.ERP.E915213.2010-06-11.IRM_start.pdf | Fact Sheet.ERP.E915213.2010-08-01.IRM_Fact Sheet to DEC.pdf | Fact Sheet.ERP.E915213.2012-06-04.public_comment_announced.pdf | Fact Sheet.ERP.E915213.2014-02-04.comment_period_and_meeting.pdf | Fact Sheet.ERP.E915213.2025-07-09.1318NiagaraESD_Factsheet.pdf | Fact Sheet.ERP.E915213.2025-09-09.1318NiagaraESD_Final_Factsheet.pdf","available","2026-07-29"
"V00084","601 Amherst Street","Voluntary Cleanup Program","C","601 Amherst Street","within_1000_ft_of_dec_boundary","https://extapps.dec.ny.gov/data/DecDocs/V00084/","12","False","","False","","False","","False","","False","","","","available","2026-07-29"
"V00168","Main-LaSalle Revitalization Project","Voluntary Cleanup Program","N","Main-LaSalle Street","within_1000_ft_of_dec_boundary","https://extapps.dec.ny.gov/data/DecDocs/V00168/","8","False","","False","","False","","False","","False","","","","available","2026-07-29"
"V00314","Aurubis Buffalo, Inc.","Voluntary Cleanup Program","C","Military Road and Sayre Street","within_1000_ft_of_dec_boundary","https://extapps.dec.ny.gov/data/DecDocs/V00314/","16","False","","False","","True","Report.VCP.V00314.2007-06-27.Final_FER-RAR.pdf","True","Report.VCP.V00314.2018-07-30.Updated_SMP.pdf","True","Report.VCP.V00314.2009-07-05.2009PRRAndICECCertification-FINAL.pdf | Report.VCP.V00314.2013-06-22.PRRandIC-ECCertification.pdf | Report.VCP.V00314.2014-04-17.PRR and IC_EC Certification.pdf | Report.VCP.V00314.2017-06-30.PRR_and_IC-EC_Certification-CMWP_Included.pdf | Report.VCP.V00314.2018-07-30.PRR.pdf | Report.VCP.V00314.2020-08-28.PRR_and_IC-EC_Certification.pdf | Report.VCP.V00314.2024-02-22.PRR_and_IC-EC_Certification.pdf","","Fact Sheet.VCP.V00314.2004-09-01.OAB_Area_J_IRM_VCP.pdf","available","2026-07-29"
"V00362","NFG - Buffalo Service Center","Voluntary Cleanup Program","C","95 Fourth Street","within_500_ft_of_dec_boundary","https://extapps.dec.ny.gov/data/DecDocs/V00362/","18","False","","False","","False","","False","","True","Report.VCP.V00362.2017-08-25.PRR_and_IC-EC_Certification.pdf | Report.VCP.V00362.2018-10-11.PRR_and_IC-EC_Certification.pdf | Report.VCP.V00362.2019-07-31.PRR_and_IC-EC_Certification.pdf | Report.VCP.V00362.2020-07-30.PRR_and_IC-EC_Certification.pdf | Report.VCP.V00362.2021-08-11.PRR_and_IC-EC_Certification.pdf | Report.VCP.V00362.2022-09-07.PRR_and_IC-EC_Certification.pdf","","Fact Sheet.VCP.V00362.2005-06-01.NFG-BSC.pdf | Fact Sheet.VCP.V00362.2005-09-01.NFG-BSC.pdf | Fact Sheet.VCP.V00362.2012-07-01.Excavation.pdf","available","2026-07-29"
"V00734","Buffalo River - GLNPO Dredging Project","Voluntary Cleanup Program","N","Buffalo River and City Ship Canal","within_1000_ft_of_dec_boundary","https://extapps.dec.ny.gov/data/DecDocs/V00734/","0","False","","False","","False","","False","","False","","","","unavailable: The remote server returned an error: (404) Not Found.","2026-07-29"
