"site_code","site_name","relationship","program","source_strength","fact_sheet","application_or_phase","decision_or_rod","completion_certificate","periodic_review","open_data_match","initial_outcome"
"C915277","1050-1088 Niagara Street Site","within_1000_ft_of_dec_boundary","Brownfield Cleanup Program","strong_primary_record","True","True","True","True","True","True","source_review_required"
"C915364","1095 Niagara Street Site","within_1000_ft_of_dec_boundary","Brownfield Cleanup Program","adequate_primary_record","False","True","False","False","False","True","source_review_required"
"C915358","125 Chandler Street Site","within_1000_ft_of_dec_boundary","Brownfield Cleanup Program","adequate_primary_record","False","True","False","False","False","True","source_review_required"
"E915213","1318 Niagara Street","within_1000_ft_of_dec_boundary","Environmental Restoration Program ","strong_primary_record","True","False","True","False","False","True","source_review_required"
"C915302","1360 Niagara Street","within_1000_ft_of_dec_boundary","Brownfield Cleanup Program","strong_primary_record","True","True","True","True","False","True","source_review_required"
"C915354","140 Chandler Street","within_1000_ft_of_dec_boundary","Brownfield Cleanup Program","strong_primary_record","True","True","True","True","False","True","source_review_required"
"C915389","147 West Tupper Street Site","within_500_ft_of_dec_boundary","Brownfield Cleanup Program","strong_primary_record","True","True","True","True","False","True","source_review_required"
"C915268","154 South Ogden Street Site","point_inside_dec_boundary","Brownfield Cleanup Program","strong_primary_record","True","True","True","True","True","True","source_review_required"
"C915370","156 Chandler Street","within_1000_ft_of_dec_boundary","Brownfield Cleanup Program","adequate_primary_record","False","True","False","False","False","True","source_review_required"
"C915326","157 Great Arrow Avenue","within_500_ft_of_dec_boundary","Brownfield Cleanup Program","existing_atlas_history","False","True","False","False","False","True","source_review_required"
"C915320","166 Chandler Street","within_1000_ft_of_dec_boundary","Brownfield Cleanup Program","strong_primary_record","True","True","True","True","True","True","source_review_required"
"C915279","1827 Fillmore Avenue","within_500_ft_of_dec_boundary","Brownfield Cleanup Program","existing_atlas_history","True","True","True","True","True","True","source_review_required"
"C915214","200 Delaware Ave Project","within_500_ft_of_dec_boundary","Brownfield Cleanup Program","strong_primary_record","True","True","False","False","False","True","source_review_required"
"C915391","2101 Kenmore Avenue Site","within_1000_ft_of_dec_boundary","Brownfield Cleanup Program","strong_primary_record","True","True","True","False","False","True","source_review_required"
"915413","230 Grider","within_1000_ft_of_dec_boundary","State Superfund Program            ","insufficient_for_launch","False","False","False","False","False","False","hold_for_research"
"C915340","240 - 260 Lakefront Boulevard Site","within_1000_ft_of_dec_boundary","Brownfield Cleanup Program","strong_primary_record","False","True","True","True","True","True","source_review_required"
"C915323","25 Rano Street Site","within_1000_ft_of_dec_boundary","Brownfield Cleanup Program","adequate_primary_record","True","False","False","False","False","True","source_review_required"
"C915271","250 Delaware Avenue Site","within_500_ft_of_dec_boundary","Brownfield Cleanup Program","strong_primary_record","True","True","True","False","False","True","source_review_required"
"C915208","275 Franklin Street","within_1000_ft_of_dec_boundary","Brownfield Cleanup Program","strong_primary_record","True","True","True","True","True","True","source_review_required"
"C915208A","275 Franklin Street - OFF-SITE","within_1000_ft_of_dec_boundary","Brownfield Cleanup Program","adequate_primary_record","False","False","True","False","False","True","source_review_required"
"C915242","295 Maryland Street","within_1000_ft_of_dec_boundary","Brownfield Cleanup Program","strong_primary_record","True","True","True","True","True","True","source_review_required"
"915151","318 Urban Street","within_500_ft_of_dec_boundary","State Superfund Program            ","strong_primary_record","True","False","True","False","True","True","source_review_required"
"C915369","389 Manhattan Avenue","within_1000_ft_of_dec_boundary","Brownfield Cleanup Program","strong_primary_record","True","True","True","False","False","True","source_review_required"
"C915203","4 New Seventh Street Site","within_500_ft_of_dec_boundary","Brownfield Cleanup Program","strong_primary_record","True","True","False","True","True","True","source_review_required"
"C915237","432 Pearl Street","within_500_ft_of_dec_boundary","Brownfield Cleanup Program","strong_primary_record","True","True","True","True","True","True","source_review_required"
"V00084","601 Amherst Street","within_1000_ft_of_dec_boundary","Voluntary Cleanup Program","insufficient_for_launch","False","False","False","False","False","True","hold_for_research"
"C915282","73-79 W. Huron St.","point_inside_dec_boundary","Brownfield Cleanup Program","strong_primary_record","True","True","True","True","True","True","source_review_required"
"C915283","89 LaSalle Avenue Site","within_1000_ft_of_dec_boundary","Brownfield Cleanup Program","existing_atlas_history","True","True","False","True","True","True","source_review_required"
"C915313","990 Niagara Street","within_1000_ft_of_dec_boundary","Brownfield Cleanup Program","strong_primary_record","True","True","True","False","False","True","source_review_required"
"915007","Anaconda Company/American Brass","within_500_ft_of_dec_boundary","State Superfund Program            ","insufficient_for_launch","False","False","False","False","False","True","hold_for_research"
"V00314","Aurubis Buffalo, Inc.","within_1000_ft_of_dec_boundary","Voluntary Cleanup Program","adequate_primary_record","True","False","False","False","True","True","source_review_required"
"C915402","Bailey and Kensington","within_1000_ft_of_dec_boundary","Brownfield Cleanup Program","adequate_primary_record","False","True","False","False","False","True","source_review_required"
"V00734","Buffalo River - GLNPO Dredging Project","within_1000_ft_of_dec_boundary","Voluntary Cleanup Program","insufficient_for_launch","False","False","False","False","False","True","hold_for_research"
"915324","Buffalo River - GLNPO Dredging Project","within_1000_ft_of_dec_boundary","State Superfund Program            ","insufficient_for_launch","False","False","False","False","False","True","hold_for_research"
"C915195","Buffalo Urban Renewal Agency West Property","within_500_ft_of_dec_boundary","Brownfield Cleanup Program","strong_primary_record","True","True","False","True","True","True","source_review_required"
"915176","ChemCore","within_1000_ft_of_dec_boundary","State Superfund Program            ","strong_primary_record","True","False","True","False","True","True","source_review_required"
"C915366","Ellicott and Oak Streets Site","within_500_ft_of_dec_boundary","Brownfield Cleanup Program","adequate_primary_record","False","True","False","False","False","True","source_review_required"
"C915194","Former Buffalo Service Station","within_500_ft_of_dec_boundary","Brownfield Cleanup Program","strong_primary_record","True","True","False","True","True","True","source_review_required"
"C915194A","Former Buffalo Service Station - OFF-SITE","within_500_ft_of_dec_boundary","Brownfield Cleanup Program","strong_primary_record","True","False","True","False","True","True","source_review_required"
"C915220","Former Pierce Arrow Manufacturing Site","within_500_ft_of_dec_boundary","Brownfield Cleanup Program","existing_atlas_history","True","True","False","False","False","True","source_review_required"
"C915362","Former Pilgrim Village Family Apartments","within_500_ft_of_dec_boundary","Brownfield Cleanup Program","strong_primary_record","True","True","True","True","False","True","source_review_required"
"C915363","Former Pilgrim Village Senior Apartments","within_1000_ft_of_dec_boundary","Brownfield Cleanup Program","strong_primary_record","True","True","True","True","False","True","source_review_required"
"C915415","Former Pilgrim Village Sublot 3","within_1000_ft_of_dec_boundary","Brownfield Cleanup Program","adequate_primary_record","False","True","False","False","False","True","source_review_required"
"915412","Former Sweet Kleen Site","within_1000_ft_of_dec_boundary","State Superfund Program            ","insufficient_for_launch","False","False","False","False","False","True","hold_for_research"
"915167","Fourth Street MGP Site","within_500_ft_of_dec_boundary","State Superfund Program            ","strong_primary_record","True","True","True","False","True","True","source_review_required"
"C915210","Hertel Warehouse Site","within_1000_ft_of_dec_boundary","Brownfield Cleanup Program","adequate_primary_record","False","True","False","False","False","True","source_review_required"
"C915400","Jefferson and Best Site","within_500_ft_of_dec_boundary","Brownfield Cleanup Program","adequate_primary_record","False","True","False","False","False","True","source_review_required"
"C915317","Jefferson Avenue Apartments","within_1000_ft_of_dec_boundary","Brownfield Cleanup Program","strong_primary_record","True","False","True","True","False","True","source_review_required"
"915033","LaSalle Reservoir","within_500_ft_of_dec_boundary","State Superfund Program            ","existing_atlas_history","False","True","False","False","False","True","source_review_required"
"C915318","Main and Hertel","within_500_ft_of_dec_boundary","Brownfield Cleanup Program","existing_atlas_history","True","True","True","True","False","True","source_review_required"
"C915318A","Main and Hertel - Off-Site","within_500_ft_of_dec_boundary","Brownfield Cleanup Program","existing_atlas_history","False","False","False","False","False","True","source_review_required"
"V00168","Main-LaSalle Revitalization Project","within_1000_ft_of_dec_boundary","Voluntary Cleanup Program","insufficient_for_launch","False","False","False","False","False","True","hold_for_research"
"C915375","Michigan-Best Development","within_500_ft_of_dec_boundary","Brownfield Cleanup Program","strong_primary_record","False","True","True","True","False","True","source_review_required"
"C915314","MOD-PAC CORP.","within_1000_ft_of_dec_boundary","Brownfield Cleanup Program","strong_primary_record","False","True","True","True","True","True","source_review_required"
"915210","Morgan Materials (aka Hertel Warehouse)","within_1000_ft_of_dec_boundary","State Superfund Program            ","adequate_primary_record","True","False","False","False","False","True","source_review_required"
"C915377","Mt. Olive Senior Manor Site","within_1000_ft_of_dec_boundary","Brownfield Cleanup Program","strong_primary_record","False","True","True","False","False","True","source_review_required"
"V00362","NFG - Buffalo Service Center","within_500_ft_of_dec_boundary","Voluntary Cleanup Program","adequate_primary_record","True","False","False","False","True","True","source_review_required"
"915144","Niagara Mohawk Dewey Ave. Service Sta.","within_1000_ft_of_dec_boundary","State Superfund Program            ","insufficient_for_launch","False","False","False","False","True","True","hold_for_research"
"C915211","NOCO #S41","within_500_ft_of_dec_boundary","Brownfield Cleanup Program","strong_primary_record","True","True","False","True","True","True","source_review_required"
"C915312","Pierce Arrow Business Center","within_1000_ft_of_dec_boundary","Brownfield Cleanup Program","strong_primary_record","True","True","True","True","True","True","source_review_required"
"C915294","Pilgrim Village Redevelopment/Campus Square","within_1000_ft_of_dec_boundary","Brownfield Cleanup Program","insufficient_for_launch","False","False","False","False","False","True","hold_for_research"
"C915309","Silos at Elk Street Site","within_1000_ft_of_dec_boundary","Brownfield Cleanup Program","strong_primary_record","True","True","True","True","True","True","source_review_required"
"C915388","Simon Properties Northeast","within_1000_ft_of_dec_boundary","Brownfield Cleanup Program","adequate_primary_record","False","True","False","False","False","True","source_review_required"
"915057","TRW (J.H. Williams Div.)","within_500_ft_of_dec_boundary","Resource Conservation and Recovery","insufficient_for_launch","False","False","False","False","False","True","hold_for_research"
"915165","Vibratech Inc.","within_1000_ft_of_dec_boundary","State Superfund Program            ","strong_primary_record","True","True","True","False","True","True","source_review_required"
"C915421","Voelkers Lanes Apartments","within_1000_ft_of_dec_boundary","Brownfield Cleanup Program","adequate_primary_record","False","True","False","False","False","True","source_review_required"
