site,historic_and_modern_address,operating_dates,evidence_label,parcel_id,parcel_limit,records_checked,cleanup_status,evidence_and_limits,source_urls
Magnus / Former NL Industries Foundry,3241 Walden Avenue · Cheektowaga / Depew · DEC C915200,1892–1972; Magnus from 1899; National Lead 1936–1972,DOCUMENTED source statements; footprint match UNKNOWN unless specified,UNKNOWN,Historical/current parcel match not established,Sources linked below; scoped DEC layers 2/3/4 query; see search-log.json for limits,Restricted-use remedy completed; residual contamination managed,"DEC's 2005 decision traces Buffalo Brass operations from 1892, Magnus Metal from 1899, early Empire Smelting operations, and National Lead ownership from 1936 to 1972. Investigations documented lead-bearing soil and fill. DEC's December 2009 notice reports remedial construction completed in September 2008. Excavated soil was consolidated in an on-site containment cell and capped; clean fill, fencing and monitoring were also installed. The remedy retains contamination and requires site management and industrial/commercial restrictions. The document archive contains later periodic reviews; their listing alone does not verify current compliance. The historical 779 Walden entry remains an unresolved address match.   ",https://extapps.dec.ny.gov/data/DecDocs/C915200/Fact%20Sheet.BCP.C915200.2009-12-18.FER.pdf | https://extapps.dec.ny.gov/data/DecDocs/C915200/Report.BCP.C915200.2005-06-01.NLI-Decision-Document.pdf | https://extapps.dec.ny.gov/data/DecDocs/C915200/
Michael Heyman / East Ferry Street,Buffalo · DEC site 915175,UNKNOWN; source/map dates do not establish full operating range,DOCUMENTED source statements; footprint match UNKNOWN unless specified,UNKNOWN,Historical/current parcel match not established,Sources linked below; scoped DEC layers 2/3/4 query; see search-log.json for limits,Cleanup completion documented,"The former 3.32-acre zinc and lead smelting and refining property contained lead in ash and fill. DEC's 2001 and 2004 investigations found contamination extending west onto additional industrial and commercial properties. DEC reports excavation of 136,234 tons of lead-contaminated soil and completion of cleanup work in January 2008. These findings describe the investigated properties and historical remedy. They do not establish exposure throughout the neighborhood or unrestricted use of every parcel today.   ",https://dec.ny.gov/environmental-protection/site-cleanup/regional-remediation-project-information/region-9/der-success-stories
Lumen Bearing,197 Lathrop Street · Buffalo,UNKNOWN; source/map dates do not establish full operating range,DOCUMENTED source statements; footprint match UNKNOWN unless specified,101.78-3-1,Current address match only; historical footprint UNKNOWN,Sources linked below; scoped DEC layers 2/3/4 query; see search-log.json for limits,2016 stabilization completed; current controls unverified,"EPA reviewed historical trade publications, directories, aerial photographs, and Sanborn maps before investigating this former foundry/smelter in October and November 2014. The initial samples included lead up to 20,000 parts per million at depths of six to eighteen inches. EPA installed fencing and erosion controls in 2015. Its final report documents completion on July 18, 2016 of a geotextile and approximately three-inch crushed-stone cover across the site to reduce direct contact and migration. This was stabilization of contaminated soil in place, not removal of all lead-bearing soil or an unrestricted-use determination. The September 2016 final report does not establish the cover's present condition.   ",https://response.epa.gov/site/site_profile.aspx?site_id=11718 | https://response.epa.gov/site/sitrep_profile.aspx?site_id=11718&counter=27353
Lake Erie Smelting Corporation,29 Superior · Buffalo · EPA ID NYN000206590,UNKNOWN; source/map dates do not establish full operating range,DOCUMENTED source statements; footprint match UNKNOWN unless specified,UNKNOWN,Historical/current parcel match not established,Sources linked below; scoped DEC layers 2/3/4 query; see search-log.json for limits,Historical removal action documented,"EPA's April 2020 report places the former secondary lead smelter within the later Towne Gardens apartment complex. Superior Street had been removed during redevelopment; the historical factory footprint was occupied by apartment buildings. The report documents a contaminated-soil removal that mobilized in September 2019 and resumed excavation in April 2020 under EPA oversight. This report documents work in progress, not a final completion finding or current conditions. The separately documented move to 127 Fillmore does not extend the Superior Street sampling results to that address.   ",https://semspub.epa.gov/work/02/607028.pdf
Samuel Greenfield,31 Stone Street · Buffalo · EPA ID NYN000206597,1943 listing; full range UNKNOWN,DOCUMENTED source statements; footprint match UNKNOWN unless specified,112.07-1-11.11,Current address match only; historical footprint UNKNOWN,Sources linked below; scoped DEC layers 2/3/4 query; see search-log.json for limits,EPA assessment and federal closure documented,"   The January 5, 1943 Federal Register lists Samuel Greenfield at 31 Stone Street, Buffalo. This establishes a period address, not a complete operating range or factory footprint. The appendix records a removal assessment completed July 21, 2016. The retrieved profile says referred to removal and no further federal action. An assessment completion is not a cleanup completion. Obtain the assessment, sampling results, and basis for closure; reconstruct the factory footprint.",https://cumulis.epa.gov/supercpad/CurSites/csitinfo.cfm?id=0206597 | https://www.govinfo.gov/content/pkg/FR-1943-01-05/pdf/FR-1943-01-05.pdf | https://semspub.epa.gov/work/HQ/100000189.pdf
Buffalo White Metal / Harry Fox Metal,328 Howard Street · Buffalo · EPA ID NYN000206622,UNKNOWN; source/map dates do not establish full operating range,DOCUMENTED source statements; footprint match UNKNOWN unless specified,111.68-1-8,Current address match only; historical footprint UNKNOWN,Sources linked below; scoped DEC layers 2/3/4 query; see search-log.json for limits,EPA assessment and federal closure documented,"   This EPA entry is separate from the nineteenth-century Buffalo White Lead Works at Sixth and Georgia. The similar names do not establish a shared property or company history. The appendix records an assessment completed August 10, 2015. The retrieved profile reports no further federal action; remedy scope is not established by that status. Retrieve the assessment and any state response; do not transfer records from nearby brownfield sites.",https://cumulis.epa.gov/supercpad/CurSites/csitinfo.cfm?id=0206622 | https://semspub.epa.gov/work/HQ/100000189.pdf
Niagara Falls Smelting / Continental Copper & Steel,2200–8 Elmwood Avenue · Buffalo · EPA ID NYN000206592,1943 listing; full range UNKNOWN,DOCUMENTED source statements; footprint match UNKNOWN unless specified,UNKNOWN,Historical/current parcel match not established,Sources linked below; scoped DEC layers 2/3/4 query; see search-log.json for limits,Buffalo address documented; federal closure recorded,"   The January 5, 1943 Federal Register lists Niagara Falls Smelting & Refining at 2204 Elmwood Avenue, Buffalo. EPA uses the range 2200–8 Elmwood. The company name does not locate this site in Niagara Falls. The appendix records an assessment completed July 16, 2015. The profile reports no further federal action, without establishing soil removal or unrestricted use. Read the underlying assessment and reconcile address ranges with historic maps.",https://cumulis.epa.gov/supercpad/CurSites/csitinfo.cfm?id=0206592 | https://www.govinfo.gov/content/pkg/FR-1943-01-05/pdf/FR-1943-01-05.pdf | https://semspub.epa.gov/work/HQ/100000189.pdf
Merit Metals,Buffalo · EPA ID NYN000206588 · address unresolved,UNKNOWN; source/map dates do not establish full operating range,DOCUMENTED source statements; footprint match UNKNOWN unless specified,UNKNOWN,Historical/current parcel match not established,Sources linked below; scoped DEC layers 2/3/4 query; see search-log.json for limits,Inventory entry documented; footprint unknown,"   EPA lists this historical-smelter lead; an address and operating period were not verified in this review. The appendix records a September 10, 2012 non-site determination. The current profile lookup returned no site found. Neither outcome establishes clean soil. Obtain the screening file and period address before assigning parcels or contamination findings.",https://semspub.epa.gov/work/HQ/100000189.pdf
Niagara Metal Company,Buffalo · EPA ID NYN000206589 · address unresolved,UNKNOWN; source/map dates do not establish full operating range,DOCUMENTED source statements; footprint match UNKNOWN unless specified,UNKNOWN,Historical/current parcel match not established,Sources linked below; scoped DEC layers 2/3/4 query; see search-log.json for limits,Inventory entry documented; footprint unknown,"   EPA lists this historical-smelter lead; its company history and location remain unverified. The appendix records a September 10, 2012 non-site determination. The current profile lookup returned no site found. No sampling-based cleanliness finding was retrieved. Obtain the screening decision and historical address.",https://semspub.epa.gov/work/HQ/100000189.pdf
National Lead / Cornell Lead · separate inventory entry,Buffalo · EPA ID NYN000206595 · footprint unresolved,UNKNOWN; source/map dates do not establish full operating range,DOCUMENTED source statements; footprint match UNKNOWN unless specified,UNKNOWN,Historical/current parcel match not established,Sources linked below; scoped DEC layers 2/3/4 query; see search-log.json for limits,EPA entry documented; nineteenth-century connection unresolved,"   The historical updated-table search result points to 116 Oak Street. That address remains a research lead until the complete table and maps are checked; it is not the Delaware–Virginia footprint. The appendix records a September 11, 2012 non-site determination. The current profile lookup returned no site found. Resolve company succession and the Oak Street footprint, and retrieve the screening decision. Do not equate this entry with the Depew foundry.",https://semspub.epa.gov/work/HQ/100000189.pdf
Electro Refractories & Alloys,"Willet Road, Lackawanna (1943) · EPA NYN000206656 identity unresolved",1943 listing; full range UNKNOWN,DOCUMENTED source statements; footprint match UNKNOWN unless specified,UNKNOWN,Historical/current parcel match not established,Sources linked below; scoped DEC layers 2/3/4 query; see search-log.json for limits,Inventory entry documented; geographic identity unresolved,"   The January 5, 1943 Federal Register lists Electro Refractories and Alloys Co. on Willet Road, Lackawanna. The EPA appendix instead uses Kellogg as the city; the identity of that agency entry remains unresolved. The appendix records a non-site determination and a later assessment completion. The current profile lookup returned no site found. Resolve the Kellogg entry against the Lackawanna period record. This listing does not establish pre-1930 operation, lead handling, soil contamination, or a cleanup footprint.",https://www.govinfo.gov/content/pkg/FR-1943-01-05/pdf/FR-1943-01-05.pdf | https://semspub.epa.gov/work/HQ/100000189.pdf
Cornell / Niagara White Lead,Delaware and Virginia · Buffalo · historical intersection,1859 listing; also 1887 for Cornell,DOCUMENTED source statements; footprint match UNKNOWN unless specified,UNKNOWN,Historical/current parcel match not established,Sources linked below; scoped DEC layers 2/3/4 query; see search-log.json for limits,Manufacturing history documented; cleanup not established,"   The 1859 directory lists Niagara White Lead at Delaware and Virginia. The 1887 Industries of Buffalo identifies Cornell Lead's office and works at that corner and names white lead, lead pipe, sheet lead, and bar lead as its products. These period records establish lead manufacturing at the intersection. They do not establish environmental sampling or a remedy for the nineteenth-century factory footprint. Reconstruct the factory parcels, later land uses, and address-specific investigation and cleanup records. A later Cornell or National Lead listing at another address cannot settle the history of this footprint.",https://ldsgenealogy.com/NY/books/The-Commercial-Advertiser-Directory-for-the-City-of-Buffalo-etc-1859-part-49.htm | https://upload.wikimedia.org/wikipedia/commons/7/7e/Cornell_University_Library_digitization_%28IA_cu31924068919434%29.pdf
Buffalo White Lead Works,Sixth and Georgia · Buffalo · historical intersection,1859 listing; also 1887 for Cornell,DOCUMENTED source statements; footprint match UNKNOWN unless specified,UNKNOWN,Historical/current parcel match not established,Sources linked below; scoped DEC layers 2/3/4 query; see search-log.json for limits,Factory listing documented; cleanup not established,"   The 1859 Commercial Advertiser directory lists Buffalo White Lead Works at Sixth and Georgia under White Lead Factories. This is contemporary evidence of the factory's name, trade, and historical location. The directory does not establish soil conditions, waste disposal, or subsequent cleanup. Those questions remain unresolved in the sources reviewed for this section. Align historical streets and factory boundaries with later parcels before assigning a modern address or map pin. Then check redevelopment, soil testing, and remedial records for those parcels.",https://ldsgenealogy.com/NY/books/The-Commercial-Advertiser-Directory-for-the-City-of-Buffalo-etc-1859-part-49.htm
"Reliance Lead, Solder & Babbitt",399 Genesee Street · Buffalo · historical address as listed by EPA,UNKNOWN; source/map dates do not establish full operating range,DOCUMENTED source statements; footprint match UNKNOWN unless specified,UNKNOWN,Historical/current parcel match not established,Sources linked below; scoped DEC layers 2/3/4 query; see search-log.json for limits,Historical-smelter entry; EPA referral documented,"   Eckel's updated tables list Reliance at 399 Gennessee Street, citing mid-twentieth-century metal directories and historical Sanborn maps. EPA's site profile uses 399 GENNESSEE ST. The differing historical spellings and address references require reconciliation. EPA's profile lists NYN000206596 as referred to removal. The March 2017 appendix to the September 2017 strategy report records referral to a cleanup program; neither source establishes a completed remedy. Obtain the underlying historical maps, assessment, action, and completion records. Confirm the factory footprint before extending findings to nearby properties.",https://www.researchgate.net/publication/273666591_April_2003_updated_tables | https://cumulis.epa.gov/supercpad/CurSites/csitinfo.cfm?id=0206596 | https://semspub.epa.gov/work/HQ/100000189.pdf
Magnus Metals Division,779 Walden Avenue · listed historically as Depew (Buffalo),UNKNOWN; source/map dates do not establish full operating range,DOCUMENTED source statements; footprint match UNKNOWN unless specified,UNKNOWN,Historical/current parcel match not established,Sources linked below; scoped DEC layers 2/3/4 query; see search-log.json for limits,Historical lead; EPA classified entry as a non-site,"   Eckel's updated tables list this address, citing 1963 and 1960 trade sources and a 1923 Depew Sanborn map. The historical municipality and street numbering need reconciliation with modern geography. EPA's September 2017 report lists NYN000206594 under No Further Superfund Interest, with a September 2012 determination of not a valid site or incident. The inventory disposition does not establish a sampling-based clean-soil finding. DEC separately documents Magnus Metal at 3241 Walden Avenue from 1899 and National Lead ownership from 1936, with a completed restricted-use remedy. Reconcile the historical 779 address before treating the two entries as the same footprint; the 1923 map citation alone does not establish an operating date.",https://www.researchgate.net/publication/273666591_April_2003_updated_tables | https://semspub.epa.gov/work/HQ/100000189.pdf | https://extapps.dec.ny.gov/data/DecDocs/C915200/Report.BCP.C915200.2005-06-01.NLI-Decision-Document.pdf | https://extapps.dec.ny.gov/data/DecDocs/C915200/Fact%20Sheet.BCP.C915200.2009-12-18.FER.pdf
Lake Erie Smelting · later location,127 Fillmore Avenue · Buffalo,UNKNOWN; source/map dates do not establish full operating range,DOCUMENTED source statements; footprint match UNKNOWN unless specified,122.28-1-15.11,Current address match only; historical footprint UNKNOWN,Sources linked below; scoped DEC layers 2/3/4 query; see search-log.json for limits,Company relocation documented; separate cleanup not established,   EPA's April 2020 Lake Erie Smelting report states that the company moved operations from the historical Superior Street location to 127 Fillmore Avenue. The reviewed report concerns the Superior Street / Towne Gardens removal. It does not establish a soil result or completed cleanup at 127 Fillmore. Follow the company's operations at this address through property history and separate environmental records. A shared company name does not transfer contamination findings or cleanup status between properties.,https://semspub.epa.gov/work/02/607028.pdf
